AGAMYID,UniProt ID,Discriminatory info OR UniProt name,DOI,PMID,Species if not human,Discriminatory info (for Abeta or antibody amyloidosis...),"Modifications to UniProt sequence? If not UniProt, Sequential info. Structural if available (separate by commas)",AGAMYID_key,AGAMYID_basis,AGAMYID_discriminatory_info_curated,AGAMYID_uniprot_name,AGAMYID_display_name,AGAMYID_skip_export
AGAMYID0001,P05067,Aβ-38,10.1186/s13195-018-0447-y,30486882,Human,Aβ-38,Transgenic APPSL mice,uniprot:P05067|variant:abeta38,uniprot_plus_variant,Aβ-38,,Aβ-38,False
AGAMYID0001,P05067,Aβ-38,10.1007/s00401-015-1484-2,26433971,Human,Aβ-38,Tg2576 mice,uniprot:P05067|variant:abeta38,uniprot_plus_variant,Aβ-38,,Aβ-38,False
AGAMYID0002,P05067,Aβ-40,10.1016/j.neurobiolaging.2010.09.020,21067847,Human,Aβ-40,,uniprot:P05067|variant:abeta40,uniprot_plus_variant,Aβ-40,,Aβ-40,False
AGAMYID0002,P05067,Aβ-40,10.1038/s41593-020-00737-w,33199898,Human,Aβ-40,Transgenic APP23 mice,uniprot:P05067|variant:abeta40,uniprot_plus_variant,Aβ-40,,Aβ-40,False
AGAMYID0002,P05067,Aβ-40,10.3390/ijms21124542,32630615,Human,Aβ-40,Incorporates a Met on the N-ter of the Aβ-40 peptide (M+ DAEFRHDSGYEVHHQKLVFFAEDVGSNKGAIIGLMVGGVV),uniprot:P05067|variant:abeta40,uniprot_plus_variant,Aβ-40,,Aβ-40,False
AGAMYID0002,P05067,Aβ-40,10.1186/s13195-018-0447-y,30486882,Human,Aβ-40,Transgenic APPSL mice,uniprot:P05067|variant:abeta40,uniprot_plus_variant,Aβ-40,,Aβ-40,False
AGAMYID0002,P05067,Aβ-40,10.1016/j.mcn.2024.103950,38901655,Human,Aβ-40,Tg2576 mice,uniprot:P05067|variant:abeta40,uniprot_plus_variant,Aβ-40,,Aβ-40,False
AGAMYID0002,P05067,Aβ-40,10.1021/bi902030m,20429609,Human,Aβ-40,,uniprot:P05067|variant:abeta40,uniprot_plus_variant,Aβ-40,,Aβ-40,False
AGAMYID0002,P05067,Aβ-40,10.1016/j.omtm.2023.101146,38027063,Human,Aβ-40,"Transgenic CRND8 mice expressing human APP K670N, M671L, V717F, and APPswe/ind",uniprot:P05067|variant:abeta40,uniprot_plus_variant,Aβ-40,,Aβ-40,False
AGAMYID0002,P05067,Aβ-40,10.3233/JAD-170056,28800329,Human,Aβ-40,Transgenic Tg2576 mice,uniprot:P05067|variant:abeta40,uniprot_plus_variant,Aβ-40,,Aβ-40,False
AGAMYID0002,P05067,Aβ-40,10.1016/j.jconrel.2021.06.037,34186148,Human,Aβ-40,Transgenic APP/PS1dE9 mice,uniprot:P05067|variant:abeta40,uniprot_plus_variant,Aβ-40,,Aβ-40,False
AGAMYID0002,P05067,Aβ-40,10.1016/j.jmb.2003.11.019,14698294,Human,Aβ-40,,uniprot:P05067|variant:abeta40,uniprot_plus_variant,Aβ-40,,Aβ-40,False
AGAMYID0002,P05067,Aβ-40,10.1038/nature19323,27582220,Human,Aβ-40,Transgenic Tg2576 mice,uniprot:P05067|variant:abeta40,uniprot_plus_variant,Aβ-40,,Aβ-40,False
AGAMYID0002,P05067,Aβ-40,10.1111/jnc.12305,23672786,Human,Aβ-40,3xTg-AD mice,uniprot:P05067|variant:abeta40,uniprot_plus_variant,Aβ-40,,Aβ-40,False
AGAMYID0002,P05067,Aβ-40,10.1007/s00401-015-1484-2,26433971,Human,Aβ-40,Tg2576 mice,uniprot:P05067|variant:abeta40,uniprot_plus_variant,Aβ-40,,Aβ-40,False
AGAMYID0002,P05067,Aβ-40,10.1523/JNEUROSCI.2795-06.2006,17108166,Human,Aβ-40,Transgenic APP (KM670/671NL and V717F) CRND8 mice,uniprot:P05067|variant:abeta40,uniprot_plus_variant,Aβ-40,,Aβ-40,False
AGAMYID0002,P05067,Aβ-40,10.3233/JAD-190874,31839610,Human,Aβ-40,,uniprot:P05067|variant:abeta40,uniprot_plus_variant,Aβ-40,,Aβ-40,False
AGAMYID0003,P05067,Aβ-42,10.1016/j.chembiol.2020.11.002,33217338,Human,Aβ-42,,uniprot:P05067|variant:abeta42,uniprot_plus_variant,Aβ-42,,Aβ-42,False
AGAMYID0003,P05067,Aβ-42,10.1016/j.jconrel.2021.06.037,34186148,Human,Aβ-42,Transgenic APP/PS1dE9 mice,uniprot:P05067|variant:abeta42,uniprot_plus_variant,Aβ-42,,Aβ-42,False
AGAMYID0003,P05067,Aβ-42,10.3233/JAD-160369,27589523,Human,Aβ-42,,uniprot:P05067|variant:abeta42,uniprot_plus_variant,Aβ-42,,Aβ-42,False
AGAMYID0003,P05067,Aβ-42,10.1038/s41380-021-01385-7,34776512,Human,Aβ-42,Transgenic Tg4-42 and 5XFAD mice,uniprot:P05067|variant:abeta42,uniprot_plus_variant,Aβ-42,,Aβ-42,False
AGAMYID0003,P05067,Aβ-42,10.1111/jnc.15817,37002186,Human,Aβ-42,,uniprot:P05067|variant:abeta42,uniprot_plus_variant,Aβ-42,,Aβ-42,False
AGAMYID0003,P05067,Aβ-42,10.1186/s13195-022-01141-1,36578089,Human,Aβ-42,"Aβ42 mutant A21C, A30C from 10.1073/pnas.1001740107 in which the β-hairpin is stabilized by an intramolecular disulfide bond, trapping oligomeric species without possibility to convert into amyloid firbils.. ",uniprot:P05067|variant:abeta42,uniprot_plus_variant,Aβ-42,,Aβ-42,False
AGAMYID0003,P05067,Aβ-42,10.1186/s13195-023-01236-3,37131196,Human,Aβ-42,"Transgenic AppNL−G−F mice expressing the Swedish (KM670/671NL), Arctic (E693G), and Iberian (I716F) APP mutations,",uniprot:P05067|variant:abeta42,uniprot_plus_variant,Aβ-42,,Aβ-42,False
AGAMYID0003,P05067,Aβ-42,10.1021/acs.nanolett.3c00187,37141711,Human,Aβ-42,,uniprot:P05067|variant:abeta42,uniprot_plus_variant,Aβ-42,,Aβ-42,False
AGAMYID0003,P05067,Aβ-42,10.3390/ijms24098371,37176076,Human,Aβ-42,"In vitro with Aβ-42, Molecular Dynamics' simulations with pentamer: 5x Aβ-42",uniprot:P05067|variant:abeta42,uniprot_plus_variant,Aβ-42,,Aβ-42,False
AGAMYID0003,P05067,Aβ-42,10.1007/s00401-015-1484-2,26433971,Human,Aβ-42,Tg2576 mice,uniprot:P05067|variant:abeta42,uniprot_plus_variant,Aβ-42,,Aβ-42,False
AGAMYID0003,P05067,Aβ-42,10.1021/acs.jmedchem.3c02408,38842931,Human,Aβ-42,,uniprot:P05067|variant:abeta42,uniprot_plus_variant,Aβ-42,,Aβ-42,False
AGAMYID0003,P05067,Aβ-42,10.1016/j.mcn.2024.103950,38901655,Human,Aβ-42,Tg2576 mice,uniprot:P05067|variant:abeta42,uniprot_plus_variant,Aβ-42,,Aβ-42,False
AGAMYID0003,P05067,Aβ-42,10.1016/j.jneuroim.2010.03.023,20451261,Human,Aβ-42,Tg 2576 mice,uniprot:P05067|variant:abeta42,uniprot_plus_variant,Aβ-42,,Aβ-42,False
AGAMYID0003,P05067,Aβ-42,10.1007/s12035-014-8691-z,24733587,Human,Aβ-42,TgAPPswe/PS1dE9 mice,uniprot:P05067|variant:abeta42,uniprot_plus_variant,Aβ-42,,Aβ-42,False
AGAMYID0003,P05067,Aβ-42,10.14283/jpad.2022.30,35542991,Human,Aβ-42,,uniprot:P05067|variant:abeta42,uniprot_plus_variant,Aβ-42,,Aβ-42,False
AGAMYID0003,P05067,Aβ-42,10.1007/s12035-019-1597-z,31041656,Human,Aβ-42,"APP/PS1 mice, catalog: 34832",uniprot:P05067|variant:abeta42,uniprot_plus_variant,Aβ-42,,Aβ-42,False
AGAMYID0003,P05067,Aβ-42,10.1021/jacs.4c08841,39445702,Human,Aβ-42,,uniprot:P05067|variant:abeta42,uniprot_plus_variant,Aβ-42,,Aβ-42,False
AGAMYID0003,P05067,Aβ-42,10.1111/jcmm.14119,30663210,Human,Aβ-42,,uniprot:P05067|variant:abeta42,uniprot_plus_variant,Aβ-42,,Aβ-42,False
AGAMYID0003,P05067,Aβ-42,10.1039/d5sc01427a,41395543,Human,Aβ-42,,uniprot:P05067|variant:abeta42,uniprot_plus_variant,Aβ-42,,Aβ-42,False
AGAMYID0003,P05067,Aβ-42,10.1007/s12035-023-03406-8,37326904,Human,Aβ-42,APP/PS1 double-transgenic mice,uniprot:P05067|variant:abeta42,uniprot_plus_variant,Aβ-42,,Aβ-42,False
AGAMYID0003,P05067,Aβ-42,10.1371/journal.pone.0181480,28771492,Human,Aβ-42,3xTg-AD mouse model,uniprot:P05067|variant:abeta42,uniprot_plus_variant,Aβ-42,,Aβ-42,False
AGAMYID0003,P05067,Aβ-42,10.1186/s13195-020-00719-x,33189132,Human,Aβ-42,"Transgenic 5xFAD mice. L-isoaspartate-modified Aβ, isoD7-Aβ.",uniprot:P05067|variant:abeta42,uniprot_plus_variant,Aβ-42,,Aβ-42,False
AGAMYID0003,P05067,Aβ-42,10.1038/s41593-020-00737-w,33199898,Human,Aβ-42,Transgenic APP23 mice,uniprot:P05067|variant:abeta42,uniprot_plus_variant,Aβ-42,,Aβ-42,False
AGAMYID0003,P05067,Aβ-42,10.1016/j.nbd.2006.04.012,16766200,Human,Aβ-42,Trangenic Tg2576 mice,uniprot:P05067|variant:abeta42,uniprot_plus_variant,Aβ-42,,Aβ-42,False
AGAMYID0003,P05067,Aβ-42,10.1016/j.jmb.2003.11.019,14698294,Human,Aβ-42,,uniprot:P05067|variant:abeta42,uniprot_plus_variant,Aβ-42,,Aβ-42,False
AGAMYID0003,P05067,Aβ-42,10.1523/JNEUROSCI.2795-06.2006,17108166,Human,Aβ-42,Transgenic APP (KM670/671NL and V717F) mice,uniprot:P05067|variant:abeta42,uniprot_plus_variant,Aβ-42,,Aβ-42,False
AGAMYID0003,P05067,Aβ-42,10.2174/1567205011666140812114341,25115543,Human,Aβ-42,Transgenic Tg2576 APP mice,uniprot:P05067|variant:abeta42,uniprot_plus_variant,Aβ-42,,Aβ-42,False
AGAMYID0003,P05067,Aβ-42,10.1038/nature19323,27582220,Human,Aβ-42,Human and transgenic Tg2576 mice,uniprot:P05067|variant:abeta42,uniprot_plus_variant,Aβ-42,,Aβ-42,False
AGAMYID0003,P05067,Aβ-42,10.1371/journal.pone.0180076,28662102,Human,Aβ-42,Transgenic APP/PS1 mice,uniprot:P05067|variant:abeta42,uniprot_plus_variant,Aβ-42,,Aβ-42,False
AGAMYID0003,P05067,Aβ-42,10.1016/j.neurobiolaging.2015.08.021,26453001,Human,Aβ-42,Transgenic APP/PS1 mice,uniprot:P05067|variant:abeta42,uniprot_plus_variant,Aβ-42,,Aβ-42,False
AGAMYID0003,P05067,Aβ-42,10.3389/fnagi.2016.00055,27047372,Human,Aβ-42,Transgenic APP/PS1 mice,uniprot:P05067|variant:abeta42,uniprot_plus_variant,Aβ-42,,Aβ-42,False
AGAMYID0003,P05067,Aβ-42,10.3233/JAD-150882,27392850,Human,Aβ-42,,uniprot:P05067|variant:abeta42,uniprot_plus_variant,Aβ-42,,Aβ-42,False
AGAMYID0003,P05067,Aβ-42,10.1523/JNEUROSCI.1762-16.2016,27656027,Human,Aβ-42,Transgenic APP/PS1 mice,uniprot:P05067|variant:abeta42,uniprot_plus_variant,Aβ-42,,Aβ-42,False
AGAMYID0003,P05067,Aβ-42,10.1523/JNEUROSCI.2080-16.2016,27810931,Human,Aβ-42,Transgenic Tg2576 mice,uniprot:P05067|variant:abeta42,uniprot_plus_variant,Aβ-42,,Aβ-42,False
AGAMYID0003,P05067,Aβ-42,10.1073/pnas.1700407114,28584111,Human,Aβ-42,,uniprot:P05067|variant:abeta42,uniprot_plus_variant,Aβ-42,,Aβ-42,False
AGAMYID0003,P05067,Aβ-42,10.1016/j.omtm.2023.101146,38027063,Human,Aβ-42,"Transgenic CRND8 mice expressing human APP K670N, M671L, V717F, and APPswe/ind",uniprot:P05067|variant:abeta42,uniprot_plus_variant,Aβ-42,,Aβ-42,False
AGAMYID0003,P05067,Aβ-42,10.3233/JAD-170056,28800329,Human,Aβ-42,Transgenic Tg2576 mice,uniprot:P05067|variant:abeta42,uniprot_plus_variant,Aβ-42,,Aβ-42,False
AGAMYID0003,P05067,Aβ-42,10.1021/acschemneuro.7b00469,29614860,Human,Aβ-42,In vivo: Transgenic APP/PS1 and Tg2576 mice,uniprot:P05067|variant:abeta42,uniprot_plus_variant,Aβ-42,,Aβ-42,False
AGAMYID0003,P05067,Aβ-42,10.1186/s13195-018-0377-8,29793530,Human,Aβ-42,Transgenic AβPP-ArcSwe mice,uniprot:P05067|variant:abeta42,uniprot_plus_variant,Aβ-42,,Aβ-42,False
AGAMYID0003,P05067,Aβ-42,10.1007/s12031-018-1139-6,30062438,Human,Aβ-42,Transgenic APPswe/PS1dE9 (APP/PS1) mice,uniprot:P05067|variant:abeta42,uniprot_plus_variant,Aβ-42,,Aβ-42,False
AGAMYID0003,P05067,Aβ-42,10.1007/s12640-018-9955-6,30229545,Human,Aβ-42,,uniprot:P05067|variant:abeta42,uniprot_plus_variant,Aβ-42,,Aβ-42,False
AGAMYID0003,P05067,Aβ-42,10.1186/s13195-018-0447-y,30486882,Human,Aβ-42,Transgenic APPSL mice,uniprot:P05067|variant:abeta42,uniprot_plus_variant,Aβ-42,,Aβ-42,False
AGAMYID0003,P05067,Aβ-42,10.1038/s41594-020-0505-6,32989305,Human,Aβ-42,,uniprot:P05067|variant:abeta42,uniprot_plus_variant,Aβ-42,,Aβ-42,False
AGAMYID0003,P05067,Aβ-42,10.1016/j.omtm.2020.08.014,33005703,Human,Aβ-42,Transgenic APPmutxPS1M146L mice,uniprot:P05067|variant:abeta42,uniprot_plus_variant,Aβ-42,,Aβ-42,False
AGAMYID0003,P05067,Aβ-42,10.1016/j.intimp.2018.12.014,30553911,Human,Aβ-42,,uniprot:P05067|variant:abeta42,uniprot_plus_variant,Aβ-42,,Aβ-42,False
AGAMYID0003,P05067,Aβ-42,10.1038/s41598-019-46306-5,31285517,Human,Aβ-42,,uniprot:P05067|variant:abeta42,uniprot_plus_variant,Aβ-42,,Aβ-42,False
AGAMYID0003,P05067,Aβ-42,10.1371/journal.pone.0226245,31887144,Human,Aβ-42,P05068,uniprot:P05067|variant:abeta42,uniprot_plus_variant,Aβ-42,,Aβ-42,False
AGAMYID0003,P05067,Aβ-42,10.1111/jcmm.15511,32610368,Human,Aβ-42,Commercial Aβ-42,uniprot:P05067|variant:abeta42,uniprot_plus_variant,Aβ-42,,Aβ-42,False
AGAMYID0003,P05067,Aβ-42,10.1523/JNEUROSCI.1405-14.2014,25164658,Human,Aβ-42,APP V717I (London) mice,uniprot:P05067|variant:abeta42,uniprot_plus_variant,Aβ-42,,Aβ-42,False
AGAMYID0003,P05067,Aβ-42,10.1074/jbc.M110.178707,20971852,Human,Aβ-42,In vivo: Transgenic 5XFAD mice,uniprot:P05067|variant:abeta42,uniprot_plus_variant,Aβ-42,,Aβ-42,False
AGAMYID0003,P05067,Aβ-42, 10.1016/j.neuropharm.2023.109775,37913984,Human,Aβ-42,,uniprot:P05067|variant:abeta42,uniprot_plus_variant,Aβ-42,,Aβ-42,False
AGAMYID0003,P05067,Aβ-42,10.1074/jbc.RA120.015327,33376140,Human,Aβ-42,APP/PS1 mouse model,uniprot:P05067|variant:abeta42,uniprot_plus_variant,Aβ-42,,Aβ-42,False
AGAMYID0003,P05067,Aβ-42,10.1186/s13195-019-0579-8,31931873,Human,Aβ-42,Amyloid plaques,uniprot:P05067|variant:abeta42,uniprot_plus_variant,Aβ-42,,Aβ-42,False
AGAMYID0003,P05067,Aβ-42,10.1001/jama.2023.13239,37459141,Human,Aβ-42,Amyloid plaques,uniprot:P05067|variant:abeta42,uniprot_plus_variant,Aβ-42,,Aβ-42,False
AGAMYID0003,P05067,Aβ-42,10.1186/s13195-021-00809-4,33836798,Human,Aβ-42,"Swedish double mutation KM670, 671NL",uniprot:P05067|variant:abeta42,uniprot_plus_variant,Aβ-42,,Aβ-42,False
AGAMYID0003,P05067,Aβ-42,10.1007/s12035-014-8910-7,25330935,Human,Aβ-42,,uniprot:P05067|variant:abeta42,uniprot_plus_variant,Aβ-42,,Aβ-42,False
AGAMYID0003,P05067,Aβ-42,10.1523/JNEUROSCI.4742-11.2012,22787053,Human,Aβ-42,Ab42 with and mice generating amyloid plaques for human APP with the London mutation (V717I).,uniprot:P05067|variant:abeta42,uniprot_plus_variant,Aβ-42,,Aβ-42,False
AGAMYID0003,P05067,Aβ-42,10.1016/j.nbd.2021.105365,33848635,Human,Aβ-42,3pE-Aβ,uniprot:P05067|variant:abeta42,uniprot_plus_variant,Aβ-42,,Aβ-42,False
AGAMYID0003,P05067,Aβ-42,10.1186/s13195-021-00813-8,33865446,Human,Aβ-42,Amyloid plaques,uniprot:P05067|variant:abeta42,uniprot_plus_variant,Aβ-42,,Aβ-42,False
AGAMYID0003,P05067,Aβ-42,10.1038/s41586-021-03489-0,33911285,Human,Aβ-42,Amyloid plaques,uniprot:P05067|variant:abeta42,uniprot_plus_variant,Aβ-42,,Aβ-42,False
AGAMYID0003,P05067,Aβ-42,10.1186/s13024-021-00453-4,33957936,Human,Aβ-42,,uniprot:P05067|variant:abeta42,uniprot_plus_variant,Aβ-42,,Aβ-42,False
AGAMYID0003,P05067,Aβ-42,10.1016/S1474-4422(10)70043-0,20189881,Human,Aβ-42,Amyloid plaques,uniprot:P05067|variant:abeta42,uniprot_plus_variant,Aβ-42,,Aβ-42,False
AGAMYID0003,P05067,Aβ-42,10.1016/j.omtm.2023.101146,38027063,Human,Aβ-42,,uniprot:P05067|variant:abeta42,uniprot_plus_variant,Aβ-42,,Aβ-42,False
AGAMYID0003,P05067,Aβ-42,10.1002/ana.25513,31168802,Human,Aβ-42,No,uniprot:P05067|variant:abeta42,uniprot_plus_variant,Aβ-42,,Aβ-42,False
AGAMYID0003,P05067,Aβ-42,10.1186/s12974-015-0379-4,26311039,Human,Aβ-42,Amyloid plaques,uniprot:P05067|variant:abeta42,uniprot_plus_variant,Aβ-42,,Aβ-42,False
AGAMYID0003,P05067,Aβ-42,10.1186/s12896-015-0146-8,26084577,Human,Aβ-42,,uniprot:P05067|variant:abeta42,uniprot_plus_variant,Aβ-42,,Aβ-42,False
AGAMYID0003,P05067,Aβ-42,10.1186/s13195-019-0559-z,31831056,Human,Aβ-42,Amyloid plaques,uniprot:P05067|variant:abeta42,uniprot_plus_variant,Aβ-42,,Aβ-42,False
AGAMYID0003,P05067,Aβ-42,10.1186/s40478-020-01069-3,33225991,Human,Aβ-42,Amyloid plaques,uniprot:P05067|variant:abeta42,uniprot_plus_variant,Aβ-42,,Aβ-42,False
AGAMYID0003,P05067,Aβ-42,10.2174/1567205013666161108110031,27829339,Human,Aβ-42,,uniprot:P05067|variant:abeta42,uniprot_plus_variant,Aβ-42,,Aβ-42,False
AGAMYID0003,P05067,Aβ-42,10.1016/j.taap.2009.07.018,19631677,Human,Aβ-42,,uniprot:P05067|variant:abeta42,uniprot_plus_variant,Aβ-42,,Aβ-42,False
AGAMYID0003,P05067,Aβ-42,10.1056/NEJMoa1304839,24450891,Human,Aβ-42,Amyloid plaques,uniprot:P05067|variant:abeta42,uniprot_plus_variant,Aβ-42,,Aβ-42,False
AGAMYID0003,P05067,Aβ-42,10.1159/000335913,22343072,Human,Aβ-42,Amyloid plaques,uniprot:P05067|variant:abeta42,uniprot_plus_variant,Aβ-42,,Aβ-42,False
AGAMYID0003,P05067,Aβ-42,10.1056/NEJMoa2100708,33720637,Human,Aβ-42,,uniprot:P05067|variant:abeta42,uniprot_plus_variant,Aβ-42,,Aβ-42,False
AGAMYID0003,P05067,Aβ-42,10.1002/trc2.12112,33614890,Human,Aβ-42,,uniprot:P05067|variant:abeta42,uniprot_plus_variant,Aβ-42,,Aβ-42,False
AGAMYID0003,P05067,Aβ-42,10.1038/mt.2010.111,20551911,Human,Aβ-42,Amyloid plaques,uniprot:P05067|variant:abeta42,uniprot_plus_variant,Aβ-42,,Aβ-42,False
AGAMYID0003,P05067,Aβ-42,10.4161/mabs.25424,23884018,Human,Aβ-42,Amyloid plaques,uniprot:P05067|variant:abeta42,uniprot_plus_variant,Aβ-42,,Aβ-42,False
AGAMYID0003,P05067,Aβ-42,10.1111/jnc.12305,23672786,Human,Aβ-42,3xTg-AD mice,uniprot:P05067|variant:abeta42,uniprot_plus_variant,Aβ-42,,Aβ-42,False
AGAMYID0003,P05067,Aβ-42,10.1056/NEJMoa2304430,37913984,Human,Aβ-42,Amyloid plaques,uniprot:P05067|variant:abeta42,uniprot_plus_variant,Aβ-42,,Aβ-42,False
AGAMYID0003,P05067,Aβ-42,10.1002/nbm.4263,32067292,Human,Aβ-42,Amyloid plaques,uniprot:P05067|variant:abeta42,uniprot_plus_variant,Aβ-42,,Aβ-42,False
AGAMYID0003,P05067,Aβ-42,10.3233/JAD-190874,31839610,Human,Aβ-42,,uniprot:P05067|variant:abeta42,uniprot_plus_variant,Aβ-42,,Aβ-42,False
AGAMYID0003,P05067,Aβ-42,10.3390/ijms21186630,32927795,Human,Aβ-42,Amyloid plaques,uniprot:P05067|variant:abeta42,uniprot_plus_variant,Aβ-42,,Aβ-42,False
AGAMYID0003,P05067,Aβ-42,10.1016/j.neuron.2012.10.029,23217740,Human,Aβ-42,,uniprot:P05067|variant:abeta42,uniprot_plus_variant,Aβ-42,,Aβ-42,False
AGAMYID0003,P05067,Aβ-42,10.1038/s41598-019-47626-2,31439854,Human,Aβ-42,,uniprot:P05067|variant:abeta42,uniprot_plus_variant,Aβ-42,,Aβ-42,False
AGAMYID0003,P05067,Aβ-42,10.1042/BJ20101712,21501114,Human,Aβ-42,,uniprot:P05067|variant:abeta42,uniprot_plus_variant,Aβ-42,,Aβ-42,False
AGAMYID0003,P05067,Aβ-42,10.1002/pro.312,20014445,Human,Aβ-42,,uniprot:P05067|variant:abeta42,uniprot_plus_variant,Aβ-42,,Aβ-42,False
AGAMYID0003,P05067,Aβ-42,10.1016/j.imlet.2020.07.009,32781005,Human,Aβ-42,,uniprot:P05067|variant:abeta42,uniprot_plus_variant,Aβ-42,,Aβ-42,False
AGAMYID0003,P05067,Aβ-42,10.1074/jbc.M117.777839,28623233,Human,Aβ-42,,uniprot:P05067|variant:abeta42,uniprot_plus_variant,Aβ-42,,Aβ-42,False
AGAMYID0003,P05067,Aβ-42,10.1021/acschemneuro.9b00020,"Selected from the immunogen Ac-DAEFRHDAEFRHKKK-6-Ahx-MAP4, where MAP4 is a 4-branch peptide, and the C-terminal of the sequence was connected with the poly lysine core via a 6-aminohexanoic acid residue (6-Ahx) to enhance the conformational flexibility of the epitope.",Human,Aβ-42,,uniprot:P05067|variant:abeta42,uniprot_plus_variant,Aβ-42,,Aβ-42,False
AGAMYID0003,P05067,Aβ-42,10.1038/s41467-020-14685-3,32081907,Human,Aβ-42,,uniprot:P05067|variant:abeta42,uniprot_plus_variant,Aβ-42,,Aβ-42,False
AGAMYID0003,P05067,Aβ-42,10.14283/jpad.2024.106,39350371,Human,Aβ-42,No,uniprot:P05067|variant:abeta42,uniprot_plus_variant,Aβ-42,,Aβ-42,False
AGAMYID0003,P05067,Aβ-42,10.1523/JNEUROSCI.4989-14.2015,25810517,Human,Aβ-42,Tg2576 Mouse model,uniprot:P05067|variant:abeta42,uniprot_plus_variant,Aβ-42,,Aβ-42,False
AGAMYID0003,P05067,Aβ-42,10.1371/journal.pone.0188191,29155887,Human,Aβ-42,,uniprot:P05067|variant:abeta42,uniprot_plus_variant,Aβ-42,,Aβ-42,False
AGAMYID0003,P05067,Aβ-42,10.1093/brain/aww036,26956423,Human,Aβ-42,Amyloid plaques,uniprot:P05067|variant:abeta42,uniprot_plus_variant,Aβ-42,,Aβ-42,False
AGAMYID0003,P05067,Aβ-42,10.1186/s13195-018-0424-5,30231896,Human,Aβ-42,Amyloid plaques,uniprot:P05067|variant:abeta42,uniprot_plus_variant,Aβ-42,,Aβ-42,False
AGAMYID0003,P05067,Aβ-42,10.14283/jpad.2020.68,33336218,Human,Aβ-42,Plaques,uniprot:P05067|variant:abeta42,uniprot_plus_variant,Aβ-42,,Aβ-42,False
AGAMYID0004,P05067,pE3-Aβ,10.1016/j.jconrel.2021.06.037,34186148,Human,pE3-Aβ,Transgenic APP/PS1dE9 mice,uniprot:P05067|variant:pe3abeta,uniprot_plus_variant,pE3-Aβ,,pE3-Aβ,False
AGAMYID0004,P05067,pE3-Aβ,10.1074/jbc.M110.178707,20971852,Human,pE3-Aβ,In vivo: Transgenic 5XFAD mice,uniprot:P05067|variant:pe3abeta,uniprot_plus_variant,pE3-Aβ,,pE3-Aβ,False
AGAMYID0004,P05067,pE3-Aβ,10.1074/jbc.M117.777839,28623233,Human,pE3-Aβ,"N-terminally truncated pyroglutamate (pE)-modified Aβ species (AβpE3), AβpE3–42  ",uniprot:P05067|variant:pe3abeta,uniprot_plus_variant,pE3-Aβ,,pE3-Aβ,False
AGAMYID0004,P05067,pE3-Aβ,10.1159/000335913,22343072,Human,pE3-Aβ,N-terminally truncated by 2 residues and modified cyclized by modifying Glutamic acid (original residue index 3) to pyroglutamate.,uniprot:P05067|variant:pe3abeta,uniprot_plus_variant,pE3-Aβ,,pE3-Aβ,False
AGAMYID0005,Q13148,TAR DNA-binding protein 43,10.1186/s40478-024-01867-z,39363348,Human,,No,uniprot:Q13148,uniprot_only,,TAR DNA-binding protein 43,TAR DNA-binding protein 43,False
AGAMYID0006,P10636,Microtubule-associated protein tau,10.1186/s40478-020-0884-2,39075088,Human,,No,uniprot:P10636,uniprot_only,,Microtubule-associated protein tau,Microtubule-associated protein tau,False
AGAMYID0006,P10636,Microtubule-associated protein tau,10.1016/j.jbc.2026.111221,41643771,Human,,,uniprot:P10636,uniprot_only,,Microtubule-associated protein tau,Microtubule-associated protein tau,False
AGAMYID0006,P10636,Microtubule-associated protein tau,10.1186/s40478-020-0884-2,38982771,Human,,P301S,uniprot:P10636,uniprot_only,,Microtubule-associated protein tau,Microtubule-associated protein tau,False
AGAMYID0006,P10636,Microtubule-associated protein tau,10.1186/alzrt277,25478018,Human,,Tau variants 2N4R and 2N3R. Transgenic mice R3m/4.,uniprot:P10636,uniprot_only,,Microtubule-associated protein tau,Microtubule-associated protein tau,False
AGAMYID0006,P10636,Microtubule-associated protein tau,10.1186/s13195-024-01561-1,39358820,Human,,"Seeds from AD brain homogenate or mice expressing 2N4R Tau with P301S/G335D. Aggregated Tau is the truncated version (dGAE; 297-391 aa) from UniProt Isoform P10636-8 ""2N4R"". Fused to a YFP or CFP.",uniprot:P10636,uniprot_only,,Microtubule-associated protein tau,Microtubule-associated protein tau,False
AGAMYID0006,P10636,Microtubule-associated protein tau,10.1093/eurheartj/ehad205,37122097,Human,,Transgenic mice expressing human Tau,uniprot:P10636,uniprot_only,,Microtubule-associated protein tau,Microtubule-associated protein tau,False
AGAMYID0006,P10636,Microtubule-associated protein tau,10.1073/pnas.2300258120,37801475,Human,,"Patient-derived as seeds, and K18 variant (residues 244 to 372).",uniprot:P10636,uniprot_only,,Microtubule-associated protein tau,Microtubule-associated protein tau,False
AGAMYID0006,P10636,Microtubule-associated protein tau,10.1074/jbc.RA120.013638,32493775,Human,,K-18 variant and from autopsied AD patients' brains.,uniprot:P10636,uniprot_only,,Microtubule-associated protein tau,Microtubule-associated protein tau,False
AGAMYID0006,P10636,Microtubule-associated protein tau,10.1056/NEJMoa2304430,37813862,Human,,Amyloid tangles,uniprot:P10636,uniprot_only,,Microtubule-associated protein tau,Microtubule-associated protein tau,False
AGAMYID0006,P10636,Microtubule-associated protein tau,10.1111/jnc.12305,23672786,Human,,3xTg-AD mice,uniprot:P10636,uniprot_only,,Microtubule-associated protein tau,Microtubule-associated protein tau,False
AGAMYID0006,P10636,Microtubule-associated protein tau,10.1186/s13195-024-01561-1,39358820,Human,,"Truncated version (dGAE; 297-391 aa) from UniProt Isoform P10636-8 ""2N4R"".",uniprot:P10636,uniprot_only,,Microtubule-associated protein tau,Microtubule-associated protein tau,False
AGAMYID0006,P10636,Microtubule-associated protein tau,10.1186/s40478-020-0884-2,32019610,Human,,Different Tau isoforms. In vivo  0N4R P301S transgenic mice.,uniprot:P10636,uniprot_only,,Microtubule-associated protein tau,Microtubule-associated protein tau,False
AGAMYID0007,P37840,Alpha-synuclein, 10.1038/srep36631,27824125,Human,,Transgenic A53T α-synuclein mice,uniprot:P37840,uniprot_only,,Alpha-synuclein,Alpha-synuclein,False
AGAMYID0007,P37840,Alpha-synuclein,10.1016/j.bpc.2016.11.002,27863716,Human,,,uniprot:P37840,uniprot_only,,Alpha-synuclein,Alpha-synuclein,False
AGAMYID0007,P37840,Alpha-synuclein,10.1038/s41531-018-0062-4,30155513,Human,,,uniprot:P37840,uniprot_only,,Alpha-synuclein,Alpha-synuclein,False
AGAMYID0007,P37840,Alpha-synuclein,10.1038/s41531-024-00747-6,39075088,Human,,,uniprot:P37840,uniprot_only,,Alpha-synuclein,Alpha-synuclein,False
AGAMYID0007,P37840,Alpha-synuclein,10.1039/d5sc01427a,41395543,Human,,,uniprot:P37840,uniprot_only,,Alpha-synuclein,Alpha-synuclein,False
AGAMYID0007,P37840,Alpha-synuclein,10.1002/pro.4875,38027063,Human,,,uniprot:P37840,uniprot_only,,Alpha-synuclein,Alpha-synuclein,False
AGAMYID0007,P37840,Alpha-synuclein,10.1523/JNEUROSCI.5314-13.2014,25009275,Human,,"Transgenic TmThy1-α-syn mice, line 61",uniprot:P37840,uniprot_only,,Alpha-synuclein,Alpha-synuclein,False
AGAMYID0007,P37840,Alpha-synuclein,10.1007/s12035-023-03211-3,36707462,Human,,Primary cortical neurons from transgenic mice for human α-Synuclein,uniprot:P37840,uniprot_only,,Alpha-synuclein,Alpha-synuclein,False
AGAMYID0007,P37840,Alpha-synuclein,10.1021/acs.jmedchem.3c02408,38842931,Human,,,uniprot:P37840,uniprot_only,,Alpha-synuclein,Alpha-synuclein,False
AGAMYID0007,P37840,Alpha-synuclein,10.1186/s12915-017-0390-6,28673288,Human,,,uniprot:P37840,uniprot_only,,Alpha-synuclein,Alpha-synuclein,False
AGAMYID0008,P42858,Huntingtin,10.1016/j.nbd.2004.11.003,15837560,Human,,Construct 97Q.,uniprot:P42858,uniprot_only,,Huntingtin,Huntingtin,False
AGAMYID0008,P42858,Huntingtin,10.1073/pnas.071058398,11296304,Human,,Fusion protein composed of: N-terminal 1-17 Htt fused with pathogenic polyQ lengths and GFP,uniprot:P42858,uniprot_only,,Huntingtin,Huntingtin,False
AGAMYID0008,P42858,Huntingtin, 10.1038/srep36631,27824125,Human,,Transgenic BACHD mice expressing full-length human mHTT with 97 CAG repeats.,uniprot:P42858,uniprot_only,,Huntingtin,Huntingtin,False
AGAMYID0008,P42858,Huntingtin,10.1073/pnas.022631799,11792860,Human,,,uniprot:P42858,uniprot_only,,Huntingtin,Huntingtin,False
AGAMYID0009,,Antibody light chain,10.1016/j.clml.2019.10.019,31983636,Human,Antibody Light chain,Patient derived. Kappa and lambda chains,custom:antibodylightchain,custom_discriminatory_info,Antibody light chain,,Antibody light chain,False
AGAMYID0009,,Antibody light chain,10.1111/febs.17223,38982771,Human,Antibody Light chain λ,PDB ID: 8RPD,custom:antibodylightchain,custom_discriminatory_info,Antibody light chain,,Antibody light chain,False
AGAMYID0009,,Antibody light chain,10.1073/pnas.1805515115,30377267,Human,Antibody Light chain λ,,custom:antibodylightchain,custom_discriminatory_info,Antibody light chain,,Antibody light chain,False
AGAMYID0009,,Antibody light chain,10.1371/journal.pone.0052686,23300743,Human,Antibody Light chain κ1,,custom:antibodylightchain,custom_discriminatory_info,Antibody light chain,,Antibody light chain,False
AGAMYID0010,P02766,Transthyretin, 10.1074/jbc.M116.738138,27758856,Human,,Pathogenic V30M mutant,uniprot:P02766,uniprot_only,,Transthyretin,Transthyretin,False
AGAMYID0010,P02766,Transthyretin,10.1002/cpt.3455,39410666,Human,,,uniprot:P02766,uniprot_only,,Transthyretin,Transthyretin,False
AGAMYID0010,P02766,Transthyretin,10.1093/eurheartj/ehz695,31865366,Human,,,uniprot:P02766,uniprot_only,,Transthyretin,Transthyretin,False
AGAMYID0010,P02766,Transthyretin,10.1056/NEJMoa2303765,37212440,Human,,,uniprot:P02766,uniprot_only,,Transthyretin,Transthyretin,False
AGAMYID0010,P02766,Transthyretin,10.3109/13506129.2016.1148025,26981744,Human,,Mutated V122I ATTR,uniprot:P02766,uniprot_only,,Transthyretin,Transthyretin,False
AGAMYID0011,P61769,Beta-2-microglobulin,10.1073/pnas.1008560108,21220305,Human,,mutant ΔN6 (lacking six N-terminal residues),uniprot:P61769,uniprot_only,,Beta-2-microglobulin,Beta-2-microglobulin,False
AGAMYID0011,P61769,Beta-2-microglobulin,10.1002/pro.2321,23904325,Human,,"3 variants: Wild type, mutant ΔN6 (lacking six N-terminal residues), mutant P52G (P32G on the paper numeration)",uniprot:P61769,uniprot_only,,Beta-2-microglobulin,Beta-2-microglobulin,False
AGAMYID0012,P10997,IAPP,10.1038/s41467-023-41986-0,37813862,Human,IAPP,Transgenic mice and rats,uniprot:P10997|variant:iapp,uniprot_plus_variant,IAPP,,IAPP,False
AGAMYID0012,P10997,IAPP,10.1111/jcmm.14119,30663210,Human,IAPP,,uniprot:P10997|variant:iapp,uniprot_plus_variant,IAPP,,IAPP,False
AGAMYID0012,P10997,IAPP,10.1039/d5sc01427a,41395543,Human,IAPP,Active form of the peptide KCNTATCATQRLANFLVHSSNNFGAILSSTNVGSNTY(amidated C-terminus),uniprot:P10997|variant:iapp,uniprot_plus_variant,IAPP,,IAPP,False
AGAMYID0013,P06396,Gelsolin,10.1016/j.jbc.2024.107507,38944121,Human,,Mutant D187N,uniprot:P06396,uniprot_only,,Gelsolin,Gelsolin,False
AGAMYID0014,P00441,Superoxide dismutase [Cu-Zn],10.1126/scitranslmed.aah3924,30518612,Human,,Transgenic mice overexpressing disease-causing human SOD1G37R or SOD1G93A mutations.,uniprot:P00441,uniprot_only,,Superoxide dismutase [Cu-Zn],Superoxide dismutase [Cu-Zn],False
AGAMYID0014,P00441,Superoxide dismutase [Cu-Zn],10.1093/brain/awad222,37394908,Human,,"Transgenic mice carrying the mutations: hSOD1G93A, hSOD1G37R, hSOD1G85R",uniprot:P00441,uniprot_only,,Superoxide dismutase [Cu-Zn],Superoxide dismutase [Cu-Zn],False
AGAMYID0015,P10997,hIAPP,10.1002/advs.202202342,36257905,Human,hIAPP,,uniprot:P10997|variant:hiapp,uniprot_plus_variant,hIAPP,,hIAPP,False
AGAMYID0020,P12023,Aβ-42,10.1371/journal.pone.0065518,23799019,Mouse,Aβ-42,Drusden,uniprot:P12023|variant:abeta42,uniprot_plus_variant,Aβ-42,,Aβ-42,False
AGAMYID0020,P12023,Aβ-42,10.3233/JAD-2010-091195,21297277,Mouse,Aβ-42,SAMP8 mice,uniprot:P12023|variant:abeta42,uniprot_plus_variant,Aβ-42,,Aβ-42,False
AGAMYID0021,P10637,Microtubule-associated protein tau,10.1186/s13024-020-00404-5,33148293,Mouse,,Transgenic 5xFAD mice (hAPP),uniprot:P10637,uniprot_only,,Microtubule-associated protein tau,Microtubule-associated protein tau,False
AGAMYID0021,P10637,Microtubule-associated protein tau,10.1523/JNEUROSCI.4989-14.2015,25810517,Mouse,,Tg2576 Mouse model,uniprot:P10637,uniprot_only,,Microtubule-associated protein tau,Microtubule-associated protein tau,False
AGAMYID0022,P04925,Major prion protein,10.1021/ja407527p,24400836,Mouse,,Mouse PrP fragment 23–230,uniprot:P04925,uniprot_only,,Major prion protein,Major prion protein,False
AGAMYID0023,A0A0F6AZX4,csgA,10.1038/s41467-020-14685-3,32081907,Salmonella typhimurium strain IR715,csgA,"curli fibers and csgAR4-5 peptide, which has the sequence of the fourth and fifth repeats of CsgA, self-associates and forms fibrils.",uniprot:A0A0F6AZX4|variant:csga,uniprot_plus_variant,csgA,,csgA,False
