ABID,INN or Clinical mAb linked,Name of Antibody in the publication,Antibody Type (specify if not listed),Is there sequential or structural information listed?,DOI,PMID,Link to any of the gold standards on column M? If so and retains the antibody type (eg.: test were not made with scFv but mAb is full IgG) finish here,"Basic, Continued or Non-clinical? If continued, other mAb IDs? *Non-clinical are commercial ones used mostly for detection purposes",ABID_base,ABID_family_INN,ABID_matched_name,ABID_matched_name_type,ABID_class,ABID_match_status,ABID_stable_key
ABID0001,Aducanumab,Aducanumab,,,10.14283/jpad.2024.106,39350371,Yes,,ABID0001,Aducanumab,Aducanumab,inn,canonical_or_clinical_full_mab,matched,ABID0001
ABID0001,Aducanumab,Aducanumab,,,10.14283/jpad.2022.30,35542991,Yes,,ABID0001,Aducanumab,Aducanumab,inn,canonical_or_clinical_full_mab,matched,ABID0001
ABID0001,Aducanumab,Aducanumab,,,10.1038/nature19323,27582220,Yes,,ABID0001,Aducanumab,Aducanumab,inn,canonical_or_clinical_full_mab,matched,ABID0001
ABID0001.6,Aducanumab,mAducanumab16,"mIgG2ab, kappa constant regions",murine chimeric analog of Aducanumab,10.1038/s41586-021-03489-0,33911285,Yes,Basic,ABID0001,Aducanumab,Aducanumab,inn,different_isotype,matched,abid00016maducanumab16migg2abkappaconstantregions
ABID0001.6.2,Aducanumab,Adu,"mIgG2a, kappa constant regions",The murine analog of aducanumab,10.1186/s13195-021-00809-4,33836798,Yes,Basic,ABID0001,Aducanumab,Aducanumab,inn,different_isotype,matched,abid00016adumigg2akappaconstantregions
ABID0001.6.3,Aducanumab,cmAducanumab,mIgG2a,,10.1038/s41593-020-00737-w,33199898,Yes. Murinized version of adacanumab.,Basic,ABID0001,Aducanumab,Aducanumab,inn,different_isotype,matched,abid00016cmaducanumabmigg2a
ABID0001.6.4,Aducanumab,(ch)aducanumab,mIgG2a/kappa version of Aducanumab,,10.1038/s41594-020-0505-6,32989305,Yes. Murine version of bapineuzumab.,Continued,ABID0001,Aducanumab,Aducanumab,inn,different_isotype,matched,abid00016chaducanumabmigg2akappaversionofaducanumab
ABID0001.6.4,Aducanumab,chaducanumab,mIgG2a/kappa version of Aducanumab,,10.1038/nature19323,27582220,Yes. Murine version of bapineuzumab.,Continued,ABID0001,Aducanumab,Aducanumab,inn,different_isotype,matched,abid00016chaducanumabmigg2akappaversionofaducanumab
ABID0001.6.4,Aducanumab,chaducanumab ,mIgG2a/kappa version of Aducanumab,,10.1523/JNEUROSCI.2080-16.2016,27810931,Yes. Murine version of bapineuzumab.,Continued,ABID0001,Aducanumab,Aducanumab,inn,different_isotype,matched,abid00016chaducanumabmigg2akappaversionofaducanumab
ABID0002,Gantenerumab,Gantenerumab,,,10.1186/s13195-019-0559-z,31831056,Yes,,ABID0002,Gantenerumab,Gantenerumab,inn,canonical_or_clinical_full_mab,matched,ABID0002
ABID0002,Gantenerumab,cmGantenerumab,mIgG1,,10.1038/s41593-020-00737-w,33199898,Yes. Murinized version of Crenezumab.,Basic,ABID0002,Gantenerumab,Gantenerumab,inn,canonical_or_unspecified,matched,ABID0002
ABID0002,Gantenerumab,Gantenerumab,,,10.1056/NEJMoa2304430,34585215,Yes,,ABID0002,Gantenerumab,Gantenerumab,inn,canonical_or_clinical_full_mab,matched,ABID0002
ABID0002.6,Gantenerumab,chGantenerumab,mIgG2a,"A mouse/human chimeric version of Gantenerumab (chGantenerumab), with an IgG2a constant regions, Gantenerumab (Human): Heavy chain variable domain sequence: MWTLVSWVALTAGLVAGQVELVESGGGLVQPGGSLRLSCAASGFTFSSYAMSWVRQAPGKGLEWVSAINASGTRTYYADSVKGRFTISRDNSKNTLYLQMNSLRAEDTAVYYCARGKGNTHKPYGYVRYFDVWGQGTLVTVSS,  Light chain variable domain sequence: MWTLVSWVALTAGLVAGDIVLTQSPATLSLSPGERATLSCRASQSVSSSYLAWYQQKPGQAPRLLIYGASSRATGVPARFSGSGSGTDFTLTISSLEPEDFATYYCLQIYNMPITFGQGTKVEIK",10.1007/s00401-015-1484-2,26433971,Yes. Murine version of Gantenerumab,Continued,ABID0002,Gantenerumab,Gantenerumab,inn,different_isotype,matched,abid00026chgantenerumabmigg2a
ABID0002.6.2,Gantenerumab,(ch)gantenerumab,mIgG2a/kappa version of Ganternerumab,,10.1038/s41594-020-0505-6,32989305,Yes. Murine version of bapineuzumab.,Continued,ABID0002,Gantenerumab,Gantenerumab,inn,different_isotype,matched,abid00026chgantenerumabmigg2akappaversionofganternerumab
ABID0003,Donanemab,Donanemab,,,10.1056/NEJMoa2100708,33720637,Yes,,ABID0003,Donanemab,Donanemab,inn,canonical_or_clinical_full_mab,matched,ABID0003
ABID0003,Donanemab,mE8-IgG1,mIgG1,,10.1016/j.neuron.2012.10.029,23217740,Yes,Continued to Donanemab,ABID0003,Donanemab,Donanemab,inn,canonical_or_clinical_full_mab,matched,ABID0003
ABID0003,Donanemab,Donanemab,IgG1,No,10.1001/jama.2023.13239,37459141,Yes,,ABID0003,Donanemab,Donanemab,inn,canonical_or_clinical_full_mab,matched,ABID0003
ABID0003,Donanemab,Donanemab,,,10.1002/trc2.12112,33614890,Yes,,ABID0003,Donanemab,Donanemab,inn,canonical_or_clinical_full_mab,matched,ABID0003
ABID0003.6,Donanemab,mE8-IgG2a,mIgG2a,,10.1016/j.neuron.2012.10.029,23217740,Yes,Continued to Donanemab,ABID0003,Donanemab,Donanemab,inn,different_isotype,matched,abid00036me8igg2amigg2a
ABID0003.6.2,Donanemab,mE8,mIgG2a,,10.1038/s41593-020-00737-w,33199898,Yes. Murine partent version of Donanemab.,Continued to Donanemab.,ABID0003,Donanemab,Donanemab,inn,different_isotype,matched,abid00036me8migg2a
ABID0004,Crenezumab,Crenezumab,,,10.1186/s13195-018-0424-5,30231896,Yes,,ABID0004,Crenezumab,Crenezumab,inn,canonical_or_clinical_full_mab,matched,ABID0004
ABID0004,Crenezumab,Crenezumab,,,10.1002/ana.25513,31168802,Yes,,ABID0004,Crenezumab,Crenezumab,inn,canonical_or_clinical_full_mab,matched,ABID0004
ABID0004.1,Crenezumab,Crenezumab-like scFv (scFv-C),scFv,,10.3390/ijms24098371,37176076,Yes,Continued. scFv of Crenezumab,ABID0004,Crenezumab,Crenezumab,inn,fragment_or_chain_variant,matched,abid00041crenezumablikescfvscfvcscfv
ABID0004.6,Crenezumab,Crenezumab,IgG4,,10.1523/JNEUROSCI.4742-11.2012,22787053,Yes,,ABID0004,Crenezumab,Crenezumab,inn,different_isotype,matched,abid00046crenezumabigg4
ABID0004.6.2,,mMABT,IgG2b,,10.1523/JNEUROSCI.4742-11.2012,22787053,Yes,Continued. Humanised version is Crenezumab,ABID0004,Crenezumab,Crenezumab,inn,different_isotype,matched,abid00046mmabtigg2b
ABID0004.6.3,Crenezumab,mC2 ,mIgG2a,"mC2 (Murine), Heavy chain variable domain sequence: EVQLVESGGGLVQPGGSLKLSCAASGFTFSSYGMSWVRQTPDKRLELVASINSNGGSTYYPDSVKGRFTISRDNAKNTLYLQMSSLKSEDTAMYYCASGDYWGQGSTLTVSS, Light chain variable domain sequence: DVVMTQTPLSLPVSLGDQASISCRSSQSLVYSNGDTYLHWYLQKPGQSPKLLIYKVSNRFSGVPDRFSGSGSGTDFTLKISRVEAEDLGVYFCSQSTHVPWTFGGGTKLEIK",10.1007/s00401-015-1484-2,26433971,Yes. Murine version of Crenezumab,Continued into Crenezumab,ABID0004,Crenezumab,Crenezumab,inn,different_isotype,matched,abid00046mc2migg2a
ABID0004.6.3,Crenezumab,mC2,mIgG2a,,10.1038/s41593-020-00737-w,33199898,Yes. Murine parent version of Crenezumab.,Continued to Crenezumab.,ABID0004,Crenezumab,Crenezumab,inn,different_isotype,matched,abid00046mc2migg2a
ABID0005,Solanezumab,266.2,mIgG1,,10.1016/j.jmb.2003.11.019,14698294,Yes. Murine parent version of Solanezumab.,Continued to Solanezumab.,ABID0005,Solanezumab,Solanezumab,inn,canonical_or_unspecified,matched,ABID0005
ABID0005.1,Solanezumab,Solanezumab-like scFv (scFv-S),scFv,,10.3390/ijms24098371,37176076,Yes,Continued. scFv of Solanezumab,ABID0005,Solanezumab,Solanezumab,inn,fragment_or_chain_variant,matched,abid00051solanezumablikescfvscfvsscfv
ABID0005.6,,m266,mIgG2a,,10.1038/s41593-020-00737-w,33199898,Yes. Murine parent version of Solanezumab.,Continued to Solanezumab.,ABID0005,Solanezumab,Solanezumab,inn,different_isotype,matched,abid00056m266migg2a
ABID0005.6.2,Solanezumab,m266,mIgG2a/kappa version of Solaneuzumab,,10.1038/s41594-020-0505-6,32989305,Yes. Murine version of solanezumab,Continued to solanezumab,ABID0005,Solanezumab,Solanezumab,inn,different_isotype,matched,abid00056m266migg2akappaversionofsolaneuzumab
ABID0006,Lecanemab,RmAb158-scFv8D3 ,"Bispecific antibody, mAb158 with transferrin receptor.",,10.1186/s13195-018-0377-8,29793530,Yes,mAb158 was continued to Lecanemab.,ABID0006,Lecanemab,Lecanemab,inn,canonical_or_clinical_full_mab,matched,ABID0006
ABID0006,Lecanemab,RmAb158,,,10.1186/s13195-018-0377-8,29793530,Yes,Continued to Lecanemab.,ABID0006,Lecanemab,Lecanemab,inn,canonical_or_clinical_full_mab,matched,ABID0006
ABID0006,Lecanemab,Lecanemab,,,10.1021/acs.nanolett.3c00187,37141711,Yes,,ABID0006,Lecanemab,Lecanemab,inn,canonical_or_clinical_full_mab,matched,ABID0006
ABID0006,Lecanemab,Lecanemab,,,10.1186/s13195-021-00813-8,33865446,Yes,,ABID0006,Lecanemab,Lecanemab,inn,canonical_or_clinical_full_mab,matched,ABID0006
ABID0006,Lecanemab,mAb158,IgG,Mouse preclinical version which derived in Lecanemab.,10.1016/j.mcn.2024.103950,38901655,Yes,Continued to Lecanemab,ABID0006,Lecanemab,Lecanemab,inn,canonical_or_clinical_full_mab,matched,ABID0006
ABID0006.1,Lecanemab,RmAb158-scFv8D3,Bispecific mIgG2c conjugated with rat scFv8D3 (scFv of 8D3),,10.1186/s13195-023-01236-3,37131196,Yes,Continued. Recombinant of mAb158 (parent of lecanemab and 8D3),ABID0006,Lecanemab,Lecanemab,inn,fragment_or_chain_variant,matched,abid00061rmab158scfv8d3bispecificmigg2cconjugatedwithratscfv8d3scfvof8d3
ABID0006.6,Lecanemab,mAb158,mIgG2a,murine chimeric analog of BAN2401,10.1038/s41586-021-03489-0,33911285,Yes,Continued to Lecanemab.,ABID0006,Lecanemab,Lecanemab,inn,different_isotype,matched,abid00066mab158migg2a
ABID0006.6.2,Lecanemab,RmAb158,mIgG2c,,10.1186/s13195-023-01236-3,37131196,Yes,"Continued. Recombinant of mAb158 (parent of lecanemab), on a IgG2c backbone.",ABID0006,Lecanemab,Lecanemab,inn,different_isotype,matched,abid00066rmab158migg2c
ABID0007,Bapineuzumab,Bapineuzumab,,,10.1016/S1474-4422(10)70043-0,20189881,Yes,,ABID0007,Bapineuzumab,Bapineuzumab,inn,canonical_or_clinical_full_mab,matched,ABID0007
ABID0007,Bapineuzumab,Bapineuzumab,,,10.3233/JAD-160369,27589523,Yes,,ABID0007,Bapineuzumab,Bapineuzumab,inn,canonical_or_clinical_full_mab,matched,ABID0007
ABID0007,Bapineuzumab,3D6,,,10.1186/s13195-018-0447-y,30486882,Yes. Murine version of bapineuzumab.,Continued to bapineuzumab,ABID0007,Bapineuzumab,Bapineuzumab,inn,canonical_or_unspecified,matched,ABID0007
ABID0007,Bapineuzumab,Bapineuzumab,,,10.1056/NEJMoa1304839,24450891,Yes,,ABID0007,Bapineuzumab,Bapineuzumab,inn,canonical_or_clinical_full_mab,matched,ABID0007
ABID0007.1,Bapineuzumab,scFv-h3D6,scFv,"Derived Bapineuzumab. 2 variants, E. coli and Piccia pastoris, changing in the N-terminal sequence; MEVQLL for the E. coli variant and EAEAQLL for P. pastoris. Sequence for the antibody produced in E. coli >scFv-h3D6-\nMEVQLLESGGGLVQPGPSLRLSCAASGFTFSNYGMSWVRQAPGKGLEWVASIRSGGGRTYYSDNVKGRFTISRDNSKNTLYLQMNSLRAEDTAVYYCVRYDHYSGSSDYWGQGTLVTVSSGGGGSGGGGSGGGGSDVVMTQSPLSLPVTPGEPASISCKSSQSLLDSDGKTYLMNWLQKPGQSPQRLIYLVSKLDSGVPDRFSGSGSTGFTLKISRVEAEDVGVYYCWQGTHEPRTFGQGTKVEIK",10.1371/journal.pone.0181480,28771492,Yes. Murine version of Bapinezumab,Continued into Bapinezumab,ABID0007,Bapineuzumab,Bapineuzumab,inn,fragment_or_chain_variant,matched,abid00071scfvh3d6scfv
ABID0007.1.2,Bapineuzumab,scFv-h3D6-Pp,scFv,"Derived Bapineuzumab. 2 variants, E. coli and Piccia pastoris, changing in the N-terminal sequence; MEVQLL for the E. coli variant and EAEAQLL for P. pastoris. Sequence for the antibody produced in P. pastoris according to Figure 5 >scFv-h3D6-Pp\nEAEAQLLESGGGLVQPGPSLRLSCAASGFTFSNYGMSWVRQAPGKGLEWVASIRSGGGRTYYSDNVKGRFTISRDNSKNTLYLQMNSLRAEDTAVYYCVRYDHYSGSSDYWGQGTLVTVSSGGGGSGGGGSGGGGSDVVMTQSPLSLPVTPGEPASISCKSSQSLLDSDGKTYLMNWLQKPGQSPQRLIYLVSKLDSGVPDRFSGSGSTGFTLKISRVEAEDVGVYYCWQGTHEPRTFGQGTKVEIK",10.1371/journal.pone.0181480,28771492,Yes. Murine version of Bapinezumab,Continued into Bapinezumab,ABID0007,Bapineuzumab,Bapineuzumab,inn,fragment_or_chain_variant,matched,abid00071scfvh3d6ppscfv
ABID0007.5,Bapinezumab,scFv-h3D6,scFv,"""antibody AAB-001, or Bapineuzumab, a murine mAb (monoclonal antibody) against the N-terminal 1–5 residues of the Aβ peptide (mAb-h3D6)"", ""In the present study, the sequence of the mAb-h3D6.v2 has been used to construct a synthetic gene consisting of the VH (variable domain of the heavy chain) and the VL (variable domain of the light chain) fused by a (Gly4Ser)3 linker (scFv-h3D6). """,10.1042/BJ20101712,21501114,Yes. Murine version of Bapinezumab,Continued into Bapinezumab,ABID0007,Bapineuzumab,3D6,parental_id,parental_antibody,matched,abid00075scfvh3d6scfv
ABID0007.5,Bapinezumab,scFv-h3D6,scFv,No,10.1371/journal.pone.0188191,29155887,Yes. Murine version of Bapinezumab,Continued into Bapinezumab,ABID0007,Bapineuzumab,3D6,parental_id,parental_antibody,matched,abid00075scfvh3d6scfv
ABID0007.5,Bapinezumab,scFv-h3D6,scFv,,10.1002/nbm.4263,32067292,Yes. Murine version of Bapinezumab,Continued into Bapinezumab,ABID0007,Bapineuzumab,3D6,parental_id,parental_antibody,matched,abid00075scfvh3d6scfv
ABID0007.5,Bapinezumab,scFv-h3D6,scFv,"the VH and VL domains are fused by a (Gly4Ser)3 peptide linker, is derived from bapineuzumab [16,17], thus, targeting the five N-terminal residues of Aβ and detecting all the different aggregation states (monomers, oligomers, and fibrils).",10.3390/ijms21186630,32927795,Yes. Murine version of Bapinezumab,Continued into Bapinezumab,ABID0007,Bapineuzumab,3D6,parental_id,parental_antibody,matched,abid00075scfvh3d6scfv
ABID0007.5,Bapinezumab,scFv-h3D6,scFv,,10.4161/mabs.25424,23884018,Yes. Murine version of Bapinezumab,Continued into Bapinezumab,ABID0007,Bapineuzumab,3D6,parental_id,parental_antibody,matched,abid00075scfvh3d6scfv
ABID0007.5.2,Bapinezumab,3D6,mIgG2a,3D6 is the murine parent antibody of bapineuzumab. VH (G4S)3-VL.,10.2174/1567205013666161108110031,27829339,Yes. Murine version of Bapinezumab,Continued into Bapinezumab,ABID0007,Bapineuzumab,3D6,parental_id,parental_antibody,matched,abid000753d6migg2a
ABID0007.6,Bapineuzumab,3D6,mIgG2a,"Antibody: 3D6 (Murine), Heavy chain variable domain sequence: EVKLVESGGGLVKPGASLKLSCAASGFTFSNYGMSWVRQNSDKRLEWVASIRSGGGRTYYSDNVKGRFTISRENAKNTLYLQMSSLKSEDTALYYCVRYDHYSGSSDYWGQGTTVTVSS, Light chain variable domain sequence: YVVMTQTPLTLSVTIGQPASISCKSSQSLLDSDGKTYLNWLLQRPGQSPKRLIYLVSKLDSGVPDRFTGSGSGTDFTLKISRIEAEDLGLYYCWQGTHFPRTFGGGTKLEIK",10.1007/s00401-015-1484-2,26433971,Yes. Murine version of Bapinezumab,Continued into Bapinezumab,ABID0007,Bapineuzumab,Bapineuzumab,inn,different_isotype,matched,abid000763d6migg2a
ABID0007.6,Bapineuzumab,3D6,mIgG2a,The murine parent antibody of bapineuzumab,10.1016/j.nbd.2021.105365,33848635,Yes. Murine version of Bapinezumab,Continued into Bapinezumab,ABID0007,Bapineuzumab,Bapineuzumab,inn,different_isotype,matched,abid000763d6migg2a
ABID0007.6.2,Bapineuzumab,3D6,mIgG2b,,10.1016/j.neuron.2012.10.029,23217740,Yes,Continued. Mice parent of the humanized monoclonal antibody Bapineuzumab,ABID0007,Bapineuzumab,Bapineuzumab,inn,different_isotype,matched,abid000763d6migg2b
ABID0007.6.2,Bapineuzumab,3D6,mIgG2b,,10.3233/JAD-170056,28800329,Yes. Murine version of Bapinezumab,Continued. Mice parent of the humanized monoclonal antibody Bapineuzumab,ABID0007,Bapineuzumab,Bapineuzumab,inn,different_isotype,matched,abid000763d6migg2b
ABID0007.6.2,Bapineuzumab,3D6,mIgG2b ,,10.1523/JNEUROSCI.1762-16.2016,27656027,Yes. Murine version of Bapinezumab,Continued. Mice parent of the humanized monoclonal antibody Bapineuzumab,ABID0007,Bapineuzumab,Bapineuzumab,inn,different_isotype,matched,abid000763d6migg2b
ABID0007.6.2,Bapineuzumab,3D6,mIgG2b,,10.1016/j.jmb.2003.11.019,14698294,Yes. Murine version of Bapinezumab,Continued into Bapinezumab,ABID0007,Bapineuzumab,Bapineuzumab,inn,different_isotype,matched,abid000763d6migg2b
ABID0007.6.3,Bapineuzumab,3D6_IgG2a,3D6 is of mIgG2b type. Here the authors used the mIgG2a type for increased plaque removal.,,10.1186/s13195-020-00719-x,33189132,Yes. Murine parent of bapineuzumab.,Continued to Bapineuzumab.,ABID0007,Bapineuzumab,Bapineuzumab,inn,different_isotype,matched,abid000763d6igg2a3d6isofmigg2btypeheretheauthorsusedthemigg2atypeforincreasedplaqueremoval
ABID0007.6.4,Bapineuzumab,3D6,mIgG2a/kappa version of Bapineuzumab,,10.1038/s41594-020-0505-6,32989305,Yes. Murine version of bapineuzumab.,Continued to bapineuzumab,ABID0007,Bapineuzumab,Bapineuzumab,inn,different_isotype,matched,abid000763d6migg2akappaversionofbapineuzumab
ABID0008,Cliramitug,NI006,,,10.1056/NEJMoa2303765,37212440,Yes,Continued to Cliramitug.,ABID0008,Cliramitug,Cliramitug,inn,canonical_or_clinical_full_mab,matched,ABID0008
ABID0008,Cliramitug,NI006,IgG1,,10.1002/cpt.3455,39410666,Yes,Continued to Cliramitug.,ABID0008,Cliramitug,Cliramitug,inn,canonical_or_clinical_full_mab,matched,ABID0008
ABID0009.9,Anselamimab,m11-1F4,"Pre-bound with the peptide p5+14: 6(–KxxxKxx–), where x is Ala or Gln.",,10.1073/pnas.1805515115,30377267,Yes. Murine version of Anselamimab.,Continued to anselamimab,ABID0009,Anselamimab,Anselamimab,inn,other_morphology,matched,abid00099m111f4preboundwiththepeptidep5146kxxxkxxwherexisalaorgln
ABID0010,Birtamimab,Birtamimab,,,10.1016/j.clml.2019.10.019,31983636,Yes,,ABID0010,Birtamimab,Birtamimab,inn,canonical_or_clinical_full_mab,matched,ABID0010
ABID0010.5,,2A4,IgG2b,No,10.1371/journal.pone.0052686,23300743,No,Basic,ABID0010,Birtamimab,2A4,parental_id,parental_antibody,matched,abid001052a4igg2b
ABID0011,Etalanetug,Etalanetug,IgG1,,10.1186/s40478-020-0884-2,32019610,Yes,,ABID0011,Etalanetug,Etalanetug,inn,canonical_or_clinical_full_mab,matched,ABID0011
ABID0011,Etalanetug,7G6,,No,10.1186/s40478-020-0884-2,36721182,Yes,Continued to Etalanetug.,ABID0011,Etalanetug,Etalanetug,inn,canonical_or_clinical_full_mab,matched,ABID0011
ABID0011.6,Etalanetug,E2814,humanised IgG1,No,10.1186/s40478-020-0884-2,36805552,Yes,Continued to Etalanetug.,ABID0011,Etalanetug,Etalanetug,inn,heterologous_or_chimeric_version,matched,abid00116e2814humanisedigg1
ABID0011.6.2,Etalanetug,7G6,mIgG2b/κ,,10.1186/s40478-020-0884-2,32019610,Yes. Murine parent version of Etalanetug.,,ABID0011,Etalanetug,Etalanetug,inn,different_isotype,matched,abid001167g6migg2b
ABID0012,SAR228810,SAR228810,,,10.1186/s13195-018-0447-y,30486882,Yes.,,ABID0012,SAR228810,SAR228810,clinical_id,canonical_or_unspecified,matched,ABID0012
ABID0012,SAR228810,SAR255952,mIgG1 aglycosilated version of SAR228810,,10.1186/s13195-018-0447-y,30486882,"Yes. Aglycolilated version of 13C3, the mice parent of SAR228810.",Continued to SAR228810,ABID0012,SAR228810,SAR228810,clinical_id,canonical_or_unspecified,matched,ABID0012
ABID0012,SAR228810,13C3,mIgG1. Aglycosilated version tested.,,10.1016/j.omtm.2020.08.014,33005703,Yes. Murine parental of SAR228810.,Continued.,ABID0012,SAR228810,SAR228810,clinical_id,canonical_or_unspecified,matched,ABID0012
ABID0012.5,,SAR255952,,,10.3389/fnagi.2016.00055,27047372,Yes,Continued,ABID0012,SAR228810,SAR255952,parental_id,parental_antibody,matched,abid00125sar255952
ABID0013.5,,9E4,mIgG1,,10.1523/JNEUROSCI.5314-13.2014,25009275,No,Basic,ABID0013,Prasinezumab,9E4,parental_id,parental_antibody,matched,abid001359e4migg1
ABID0013.5.2,,08-9E4-E3,,,10.1038/s41531-024-00747-6,39075088,No,Basic,ABID0013,Prasinezumab,9E4,parental_id,parental_antibody,matched,abid00135089e4e3
ABID0014,Cinpanemab,Cinpanemab,IgG1,,10.1016/j.biopha.2025.118262,40554286,Yes,,ABID0014,Cinpanemab,Cinpanemab,inn,canonical_or_clinical_full_mab,matched,ABID0014
ABID0015,Amlenetug,Amlenetug,IgG1,,10.1016/j.biopha.2025.118262,40554286,Yes,,ABID0015,Amlenetug,Amlenetug,inn,canonical_or_clinical_full_mab,matched,ABID0015
ABID0017,Indenebart,aslo0452 ngl-3 / MEDI1341 / TAK-341,IgG1,,10.1016/j.biopha.2025.118262,40554286,Yes,,ABID0017,Indenebart,Indenebart,inn,canonical_or_clinical_full_mab,matched,ABID0017
ABID0100,,ACI-6677,mouse IgG2. Constant kappa,No,10.1186/s40478-024-01867-z,39363348,No,Basic,ABID0100,ACI-6677,,,new_antibody_family,no_match,aci6677mouseigg2constantkappabasic
ABID0101,,S1G2,single chain antibodies (scAbs),No,10.1186/s13195-024-01561-1,39358820,No,Basic,ABID0101,S1G2,,,new_antibody_family,no_match,s1g2singlechainantibodiesscabsbasic
ABID0102,,E2E8,single chain antibodies (scAbs),No,10.1186/s13195-024-01561-1,39358820,No,Basic,ABID0102,E2E8,,,new_antibody_family,no_match,e2e8singlechainantibodiesscabsbasic
ABID0103,,NS2A1,single chain antibodies (scAbs),No,10.1186/s13195-024-01561-1,39358820,No,Basic,ABID0103,NS2A1,,,new_antibody_family,no_match,ns2a1singlechainantibodiesscabsbasic
ABID0104,,S1D12,single chain antibodies (scAbs),No,10.1186/s13195-024-01561-1,39358820,No,Basic,ABID0104,S1D12,,,new_antibody_family,no_match,s1d12singlechainantibodiesscabsbasic
ABID0105,,CE2,single chain antibodies (scAbs),No,10.1186/s13195-024-01561-1,39358820,No,Basic,ABID0105,CE2,,,new_antibody_family,no_match,ce2singlechainantibodiesscabsbasic
ABID0106,,CE3,single chain antibodies (scAbs),No,10.1186/s13195-024-01561-1,39358820,No,Basic,ABID0106,CE3,,,new_antibody_family,no_match,ce3singlechainantibodiesscabsbasic
ABID0107,,CA4,single chain antibodies (scAbs),No,10.1186/s13195-024-01561-1,39358820,No,Basic,ABID0107,CA4,,,new_antibody_family,no_match,ca4singlechainantibodiesscabsbasic
ABID0108,,3aH6,sheep-mouse chimeric IgG2,No,10.1186/s13195-024-01561-1,39358820,No,Basic,ABID0108,3aH6,,,new_antibody_family,no_match,3ah6sheepmousechimericigg2basic
ABID0109,,3aG3,sheep-mouse chimeric IgG2,No,10.1186/s13195-024-01561-1,39358820,No,Basic,ABID0109,3aG3,,,new_antibody_family,no_match,3ag3sheepmousechimericigg2basic
ABID0110,,3aG4,sheep-mouse chimeric IgG2,No,10.1186/s13195-024-01561-1,39358820,No,Basic,ABID0110,3aG4,,,new_antibody_family,no_match,3ag4sheepmousechimericigg2basic
ABID0111,,CB7,sheep-mouse chimeric IgG2,No,10.1186/s13195-024-01561-1,39358820,No,Basic,ABID0111,CB7,,,new_antibody_family,no_match,cb7sheepmousechimericigg2basic
ABID0112,,3bD11,sheep-mouse chimeric IgG2,No,10.1186/s13195-024-01561-1,39358820,No,Basic,ABID0112,3bD11,,,new_antibody_family,no_match,3bd11sheepmousechimericigg2basic
ABID0113,,CC7,sheep-mouse chimeric IgG2,No,10.1186/s13195-024-01561-1,39358820,No,Basic,ABID0113,CC7,,,new_antibody_family,no_match,cc7sheepmousechimericigg2basic
ABID0114,,E1B8,sheep-mouse chimeric IgG2,No,10.1186/s13195-024-01561-1,39358820,No,Basic,ABID0114,E1B8,,,new_antibody_family,no_match,e1b8sheepmousechimericigg2basic
ABID0115,,CE2,sheep-mouse chimeric IgG2,No,10.1186/s13195-024-01561-1,39358820,No,Basic,ABID0115,CE2,,,new_antibody_family,no_match,ce2sheepmousechimericigg2basic
ABID0116,,CE3,sheep-mouse chimeric IgG2,No,10.1186/s13195-024-01561-1,39358820,No,Basic,ABID0116,CE3,,,new_antibody_family,no_match,ce3sheepmousechimericigg2basic
ABID0117,,S1D12,sheep-mouse chimeric IgG2,No,10.1186/s13195-024-01561-1,39358820,No,Basic,ABID0117,S1D12,,,new_antibody_family,no_match,s1d12sheepmousechimericigg2basic
ABID0118,,CA4,sheep-mouse chimeric IgG2,No,10.1186/s13195-024-01561-1,39358820,No,Basic,ABID0118,CA4,,,new_antibody_family,no_match,ca4sheepmousechimericigg2basic
ABID0119,,S1G2,sheep-mouse chimeric IgG2,No,10.1186/s13195-024-01561-1,39358820,No,Basic,ABID0119,S1G2,,,new_antibody_family,no_match,s1g2sheepmousechimericigg2basic
ABID0120,,MoD9,sheep-mouse chimeric IgG2,No,10.1186/s13195-024-01561-1,39358820,No,Basic,ABID0120,MoD9,,,new_antibody_family,no_match,mod9sheepmousechimericigg2basic
ABID0121,,E2E8,sheep-mouse chimeric IgG2,No,10.1186/s13195-024-01561-1,39358820,No,Basic,ABID0121,E2E8,,,new_antibody_family,no_match,e2e8sheepmousechimericigg2basic
ABID0122,,NS2A1,sheep-mouse chimeric IgG2,No,10.1186/s13195-024-01561-1,39358820,No,Basic,ABID0122,NS2A1,,,new_antibody_family,no_match,ns2a1sheepmousechimericigg2basic
ABID0123,,412E10,sheep-mouse chimeric IgG2,No,10.1186/s13195-024-01561-1,39358820,No,Basic,ABID0123,412E10,,,new_antibody_family,no_match,412e10sheepmousechimericigg2basic
ABID0124,,mAb07/1,,No,10.1159/000335913,22343072,No,Basic,ABID0124,mAb07/1,,,new_antibody_family,no_match,mab071basic
ABID0125,,mAb11,"human variable domains, mouse immunoglobulin 2a, IgG2a, constant domains",No,10.1186/s40478-020-01069-3,33225991,No,Basic,ABID0125,mAb11,,,new_antibody_family,no_match,mab11humanvariabledomainsmouseimmunoglobulin2aigg2aconstantdomainsbasic
ABID0126,,Nbα-syn01,"Nanobody (camelid, shark Ab)",PDB ID: 8JLY,10.1002/pro.4875,35542991,No,Basic,ABID0126,Nbα-syn01,,,new_antibody_family,no_match,nbsyn01nanobodycamelidsharkabbasic
ABID0127,,ΔNterNbα-syn01,"Nanobody (camelid, shark Ab)",PDB ID: 8JJV,10.1002/pro.4875,35015254,No,Basic,ABID0127,ΔNterNbα-syn01,,,new_antibody_family,no_match,nternbsyn01nanobodycamelidsharkabbasic
ABID0128,,NbS21A,"Nanobody (camelid, shark Ab)",No,10.1002/pro.4875,34835247,No,Basic,ABID0128,NbS21A,,,new_antibody_family,no_match,nbs21ananobodycamelidsharkabbasic
ABID0129,,10D5-scFv,scFv,"The amino acid sequences of the heavy and light chains of antibody 12B4 (PDB: 3IFP) and 10D5 (PDB: 3IFO) were found in the PDB database. The variable regions of the heavy and light chains of 10D5 and 12B4 were joined together with a flexible peptide linker (GGGGS) to from 10D5-scFv and 12B4-scFv, respectively.",10.1016/j.imlet.2020.07.009,32781005,No,Basic,ABID0129,10D5-scFv,,,new_antibody_family,no_match,10d5scfvscfvbasic
ABID0130,,12B4-scFv,scFv,"The amino acid sequences of the heavy and light chains of antibody 12B4 (PDB: 3IFP) and 10D5 (PDB: 3IFO) were found in the PDB database. The variable regions of the heavy and light chains of 10D5 and 12B4 were joined together with a flexible peptide linker (GGGGS) to from 10D5-scFv and 12B4-scFv, respectively.",10.1016/j.imlet.2020.07.009,32781005,No,Basic,ABID0130,12B4-scFv,,,new_antibody_family,no_match,12b4scfvscfvbasic
ABID0131,,6E10,mIgG1,,10.1021/acschemneuro.9b00020,31042358,No,Non-clinical,ABID0131,6E10,,,new_antibody_family,no_match,6e10migg1nonclinical
ABID0131,,6E10,"mIgG1, κ",Purchased from BioLegend,10.1007/s12031-018-1139-6,30062438,No,Non-clinical,ABID0131,6E10,,,new_antibody_family,no_match,6e10migg1nonclinical
ABID0131,,6E10,"mIgG1, κ",,10.1016/j.jneuroim.2010.03.023,20451261,No,Non-clinical,ABID0131,6E10,,,new_antibody_family,no_match,6e10migg1nonclinical
ABID0131,,6E10,mIgG1,"6E10 (Covance, USA)",10.1016/j.imlet.2020.07.009,32781005,No,Non-clinical,ABID0131,6E10,,,new_antibody_family,no_match,6e10migg1nonclinical
ABID0131,,6E10,mIgG1,"6E10 (Covance, USA)",10.2174/1567205011666140812114341,25115543,No,Non-clinical,ABID0131,6E10,,,new_antibody_family,no_match,6e10migg1nonclinical
ABID0131,,6E10,"mIgG1, κ",,10.1021/jacs.4c08841,39445702,No,Non-clinical,ABID0131,6E10,,,new_antibody_family,no_match,6e10migg1nonclinical
ABID0132,,AT8-scFv,scFv,No,10.1016/j.imlet.2020.07.009,32781005,No,Basic,ABID0132,AT8-scFv,,,new_antibody_family,no_match,at8scfvscfvbasic
ABID0133,,mAb-11,IgG2a,"MAb-11 is an anti-amyloid-β monoclonal antibody that carries 11 amino acid substitutions compared to gantenerumab. For the present study, we synthetized two cDNAs, encoding the light and heavy chains of a chimeric version of mAb-11, containing the mouse constant domains of murine IgG2a and the human variable domains of mAb-11.",10.1093/brain/aww036,26956423,No,Basic,ABID0133,mAb-11,,,new_antibody_family,no_match,mab11igg2abasic
ABID0134,,mAb-11 F(ab’) 2,F(ab’) 2,We also used similar chimeric constructs encoding the Fab and F(ab’) 2 fragments derived from mAb-11 IgG2a and lacking the murine Fc effector domain.,10.1093/brain/aww036,26956423,No,Basic,ABID0134,mAb-11 F(ab’) 2,,,new_antibody_family,no_match,mab11fab2fab2basic
ABID0135,,C4,scFv intrabody,No,10.1016/j.nbd.2004.11.003,15837560,No,Basic,ABID0135,C4,,,new_antibody_family,no_match,c4scfvintrabodybasic
ABID0135,,C4,scFv intrabody,No,10.1073/pnas.071058398,11296304,No,Basic,ABID0135,C4,,,new_antibody_family,no_match,c4scfvintrabodybasic
ABID0136,,ML3.9,scFv intrabody,No,10.1016/j.nbd.2004.11.003,15837560,No,Basic,ABID0136,ML3.9,,,new_antibody_family,no_match,ml39scfvintrabodybasic
ABID0136,,ML3.9,scFv intrabody,No,10.1073/pnas.071058398,11296304,No,Basic,ABID0136,ML3.9,,,new_antibody_family,no_match,ml39scfvintrabodybasic
ABID0137,,JH70,,No,10.1371/journal.pone.0052686,23300743,No,Basic,ABID0137,JH70,,,new_antibody_family,no_match,jh70basic
ABID0138,,ScFv AS,scFv,Sequence:\n>scFv\nMQVQLVESGGGVVQPGKSLRLSCAASGFTFSSQGTHWVRQAPGKGLEWVAVIRDGDSNIHYADSVRGFTVSRDNSKNTLYLEINSLRVEDTAVYFCAKGGSFDLWGQGTTTVSSGGGGSGGGGSGGGGSDIQMTQSPSSLSASVGERVTCRASQAIINSLAVYQQKPGKAPKLLIYASSLQSGVPSRFSGSGSGTDFTLTISSLEPEDFATYYCQQSYSLTWTFGGGTKVEIKR,10.1007/s12035-014-8910-7,25330935,No,Basic,ABID0138,ScFv AS,,,new_antibody_family,no_match,scfvasscfvbasic
ABID0139,,NbSyn87,"Nanobody (camelid, shark Ab)",Sequence:\n>NbSyn87\nQVQLQESGGGSVQTGGSLRLSCVASGYSGYMAWFRQAPGKEREGIAAIYRGDKITYYAHSVQGRFTISQANAKNTVYLLMNSLKPEDTAIYYCAARRVVADSPLLSKTYAYWGQGTQVTVSSHHHHHH,10.1186/s12915-017-0390-6,28673288,No,Basic,ABID0139,NbSyn87,,,new_antibody_family,no_match,nbsyn87nanobodycamelidsharkabbasic
ABID0140,,NbSyn2,"Nanobody (camelid, shark Ab)",Sequence:\>nNbSyn2\nQGQLVESGGGSVQAGGSLRLSCAASGIDSSSYCMGWFRQRPGKEREGVARINGLGGVKTAYADSVKDRFTISRDNAENTVYLQMNSLKPEDTAIYYCAAKFSPGYCGGSWSNFGYWGQGTQVTVSSHHHHHH,10.1186/s12915-017-0390-6,28673288,No,Basic,ABID0140,NbSyn2,,,new_antibody_family,no_match,nbsyn2nanobodycamelidsharkabbasic
ABID0141,,cAbHuL5g (NbHul5g),"Nanobody (camelid, shark Ab)",No,10.1186/s12915-017-0390-6,28673288,No,Basic,ABID0141,cAbHuL5g (NbHul5g),,,new_antibody_family,no_match,cabhul5gnbhul5gnanobodycamelidsharkabbasic
ABID0142,,6E10,IgG,,10.1186/s12974-015-0379-4,26311039,No,Non-clinical,ABID0142,6E10,,,new_antibody_family,no_match,6e10iggnonclinical
ABID0143,,4G8,IgG,,10.1186/s12974-015-0379-4,26311039,No,Non-clinical,ABID0143,4G8,,,new_antibody_family,no_match,4g8iggnonclinical
ABID0144,,8G7,IgG,,10.1186/s12974-015-0379-4,26311039,No,Non-clinical,ABID0144,8G7,,,new_antibody_family,no_match,8g7iggnonclinical
ABID0145,,PaD97-D6-Fc,scFv,,10.1186/s12896-015-0146-8,26084577,No,Basic,ABID0145,PaD97-D6-Fc,,,new_antibody_family,no_match,pad97d6fcscfvbasic
ABID0146,,PaD172-F12-Fc,scFv,,10.1186/s12896-015-0146-8,26084577,No,Basic,ABID0146,PaD172-F12-Fc,,,new_antibody_family,no_match,pad172f12fcscfvbasic
ABID0147,,PaD236-H2-Fc,scFv,,10.1186/s12896-015-0146-8,26084577,No,Basic,ABID0147,PaD236-H2-Fc,,,new_antibody_family,no_match,pad236h2fcscfvbasic
ABID0148,,PaD213-A5-Fc,scFv,,10.1186/s12896-015-0146-8,26084577,No,Basic,ABID0148,PaD213-A5-Fc,,,new_antibody_family,no_match,pad213a5fcscfvbasic
ABID0149,,PaD233-E5-Fc,scFv,,10.1186/s12896-015-0146-8,26084577,No,Basic,ABID0149,PaD233-E5-Fc,,,new_antibody_family,no_match,pad233e5fcscfvbasic
ABID0150,,DesAb18-24,"Nanobody (camelid, shark Ab)",Sequence:\n>DesAb18-24\nMRGSHHHHHHGMASMTGGQQMGRDLYDDDDKDPKLEVQLVESGGGLVQPGGSLRLSCAASGFNIKDTYIGWVRRAPGKGEEWVASIYPTNGYTRYADSVKGRFTISADTSKNTAYLQMNSLRAEDTAVYYCAAGSVFVGTEAEEEAAAWGQGTLVTVSSGT,10.3390/ijms21124542,32630615,No,Basic,ABID0150,DesAb18-24,,,new_antibody_family,no_match,desab1824nanobodycamelidsharkabbasic
ABID0151,,DesAb34-40,"Nanobody (camelid, shark Ab)",Sequence:\n>DesAb34-40\nMRGSHHHHHHGMASMTGGQQMGRDLYDDDDKDPKLEVQLVESGGGLVQPGGSLRLSCAASGFNIKDTYIGWVRRAPGKGEEWVASIYPTNGYTRYADSVKGRFTISADTSKNTAYLQMNSLRAEDTAVYYCAAGSIRETALLYEEEAAAWGQGTLVTVSSGT,10.3390/ijms21124542,32630615,No,Basic,ABID0151,DesAb34-40,,,new_antibody_family,no_match,desab3440nanobodycamelidsharkabbasic
ABID0152,,Ab-A,IgG1,,10.1093/eurheartj/ehz695,31865366,No,Basic,ABID0152,Ab-A,,,new_antibody_family,no_match,abaigg1basic
ABID0153,,1G4-2,Mouse IgG,,10.1093/eurheartj/ehz695,31865366,No,Non-clinical?,ABID0153,1G4-2,,,new_antibody_family,no_match,1g42mouseiggnonclinical
ABID0154,,Nb24,"Nanobody (camelid, shark Ab)",PDB ID: 2X89,10.1073/pnas.1008560108,21220305,No,Basic,ABID0154,Nb24,,,new_antibody_family,no_match,nb24nanobodycamelidsharkabbasic
ABID0154,,Nb24,"Nanobody (camelid, shark Ab)",PDB ID: 4KDT,10.1002/pro.2321,23904325,No,Basic,ABID0154,Nb24,,,new_antibody_family,no_match,nb24nanobodycamelidsharkabbasic
ABID0155,,Nb108,"Nanobody (camelid, shark Ab)",,10.1002/pro.2321,23904325,No,Basic,ABID0155,Nb108,,,new_antibody_family,no_match,nb108nanobodycamelidsharkabbasic
ABID0155,,Nb108,"Nanobody (camelid, shark Ab)",,10.1073/pnas.1008560108,21220305,No,Basic,ABID0155,Nb108,,,new_antibody_family,no_match,nb108nanobodycamelidsharkabbasic
ABID0156,,Nb23,"Nanobody (camelid, shark Ab)",,10.1073/pnas.1008560108,21220305,No,Basic,ABID0156,Nb23,,,new_antibody_family,no_match,nb23nanobodycamelidsharkabbasic
ABID0157,,Nb30,"Nanobody (camelid, shark Ab)",,10.1073/pnas.1008560108,21220305,No,Basic,ABID0157,Nb30,,,new_antibody_family,no_match,nb30nanobodycamelidsharkabbasic
ABID0158,,Nb272,"Nanobody (camelid, shark Ab)",,10.1073/pnas.1008560108,21220305,No,Basic,ABID0158,Nb272,,,new_antibody_family,no_match,nb272nanobodycamelidsharkabbasic
ABID0159,,Nb22,"Nanobody (camelid, shark Ab)",,10.1073/pnas.1008560108,21220305,No,Basic,ABID0159,Nb22,,,new_antibody_family,no_match,nb22nanobodycamelidsharkabbasic
ABID0160,,Nb21,"Nanobody (camelid, shark Ab)",,10.1073/pnas.1008560108,21220305,No,Basic,ABID0160,Nb21,,,new_antibody_family,no_match,nb21nanobodycamelidsharkabbasic
ABID0161,,Nb20,"Nanobody (camelid, shark Ab)",,10.1073/pnas.1008560108,21220305,No,Basic,ABID0161,Nb20,,,new_antibody_family,no_match,nb20nanobodycamelidsharkabbasic
ABID0162,,Nb31,"Nanobody (camelid, shark Ab)",,10.1073/pnas.1008560108,21220305,No,Basic,ABID0162,Nb31,,,new_antibody_family,no_match,nb31nanobodycamelidsharkabbasic
ABID0163,,Aβ-scFv,scFv,,10.1038/mt.2010.111,20551911,No,Basic,ABID0163,Aβ-scFv,,,new_antibody_family,no_match,ascfvscfvbasic
ABID0164,,Phe-scFv,scFv,,10.1038/mt.2010.111,20551911,No,Basic,ABID0164,Phe-scFv,,,new_antibody_family,no_match,phescfvscfvbasic
ABID0165,,6F6,IgG2a,,10.1371/journal.pone.0065518,23799019,No,Basic,ABID0165,6F6,,,new_antibody_family,no_match,6f6igg2abasic
ABID0166,,"IgG2a [Human Papilloma Virus-11, E1 gene targetting]",IgG2a,,10.1371/journal.pone.0065518,23799019,No,Basic,ABID0166,"IgG2a [Human Papilloma Virus-11, E1 gene targetting]",,,new_antibody_family,no_match,igg2ahumanpapillomavirus11e1genetargettingigg2abasic
ABID0167,,MW1 scFv,scFv,,10.1073/pnas.022631799,11792860,No,Basic,ABID0167,MW1 scFv,,,new_antibody_family,no_match,mw1scfvscfvbasic
ABID0168,,MW2 scFv,scFv,,10.1073/pnas.022631799,11792860,No,Basic,ABID0168,MW2 scFv,,,new_antibody_family,no_match,mw2scfvscfvbasic
ABID0169,,MW7 scFv,scFv,,10.1073/pnas.022631799,11792860,No,Basic,ABID0169,MW7 scFv,,,new_antibody_family,no_match,mw7scfvscfvbasic
ABID0170,,NU1,,,10.1016/j.taap.2009.07.018,19631677,No,Basic,ABID0170,NU1,,,new_antibody_family,no_match,nu1basic
ABID0171,,scFv9-CD,"Fusion protein, scFv + collagen domain","scFv9 fused to 126-amino acid collagen domain  (CD),  parent antibody of scFv9: Ab9",10.1016/j.omtm.2023.101146,38027063,No,Basic,ABID0171,scFv9-CD,,,new_antibody_family,no_match,scfv9cdfusionproteinscfvcollagendomainbasic
ABID0172,,scFvB11,scFv,Parent antibody: aducanumab,10.1016/j.omtm.2023.101146,38027063,Yes,Basic,ABID0172,scFvB11,,,new_antibody_family,no_match,scfvb11scfvbasic
ABID0172,,scFvB11,scFv,,10.1016/j.omtm.2023.101146,38027063,Yes. Derived from adacanumab,Basic,ABID0172,scFvB11,,,new_antibody_family,no_match,scfvb11scfvbasic
ABID0173,,scFvB11-CD,"Fusion protein, scFv + collagen domain","126-amino acid collagen domain (CD) fused to scFvB11, parent antibody of ScFvB11: aducanumab.",10.1016/j.omtm.2023.101146,38027063,No,Basic,ABID0173,scFvB11-CD,,,new_antibody_family,no_match,scfvb11cdfusionproteinscfvcollagendomainbasic
ABID0174,,scFv12,scFv,"Parent antibody 2B12, Recognizes : APP666-ISEVKMDAEFRH-677 (β-secretase cleavage site)",10.1016/j.omtm.2023.101146,38027063,No,Basic,ABID0174,scFv12,,,new_antibody_family,no_match,scfv12scfvbasic
ABID0174,,scFv12,scFv,"parent antibody: 2B12, reised against WPP 666-ISEVKMDAEFRH-677",10.1016/j.omtm.2023.101146,38027063,No,Basic,ABID0174,scFv12,,,new_antibody_family,no_match,scfv12scfvbasic
ABID0175,,scFv12-CD,"Fusion protein, scFv + collagen domain","126-amino acid collagen domain (CD) fused to scFv12, parent antibody of ScFv12: 2B12",10.1016/j.omtm.2023.101146,38027063,No,Basic,ABID0175,scFv12-CD,,,new_antibody_family,no_match,scfv12cdfusionproteinscfvcollagendomainbasic
ABID0176,,scFv9,,Parent antibody of scFv9: Ab9,10.1016/j.omtm.2023.101146,38027063,Yes,Basic,ABID0176,scFv9,,,new_antibody_family,no_match,scfv9basic
ABID0177,,mAb5,IgG2b,,10.1186/s13024-021-00453-4,33957936,No,Basic,ABID0177,mAb5,,,new_antibody_family,no_match,mab5igg2bbasic
ABID0178,,BAMB31 ,mIgG2a,,10.1016/j.nbd.2021.105365,33848635,No,Basic,ABID0178,BAMB31 ,,,new_antibody_family,no_match,bamb31migg2abasic
ABID0179,,07/2a,mIgG2a,,10.1186/s13195-019-0579-8,31931873,No,Basic,ABID0179,07/2a,,,new_antibody_family,no_match,072amigg2abasic
ABID0179,,07/2a,mIgG2a,"Purchased from Vivoryon Therapeutics AG (Halle, Germany).",10.1016/j.jconrel.2021.06.037,34186148,No,Basic,ABID0179,07/2a,,,new_antibody_family,no_match,072amigg2abasic
ABID0180,,07/2a-k,mIgG2a,,10.1186/s13195-019-0579-8,31931873,No,Basic,ABID0180,07/2a-k,,,new_antibody_family,no_match,072akmigg2abasic
ABID0181,,3A1,IgG1,,10.1186/s13195-019-0579-8,31931873,No,Basic,ABID0181,3A1,,,new_antibody_family,no_match,3a1igg1basic
ABID0182,,07/1 ,IgG1,,10.1186/s13195-019-0579-8,31931873,No,Basic,ABID0182,07/1 ,,,new_antibody_family,no_match,071igg1basic
ABID0183,,STAB-MAb,,,10.1038/s41598-019-47626-2,31439854,No,Basic,ABID0183,STAB-MAb,,,new_antibody_family,no_match,stabmabbasic
ABID0184,,TOMA,IgG,,10.1523/JNEUROSCI.4989-14.2015,25810517,No,Basic,ABID0184,TOMA,,,new_antibody_family,no_match,tomaiggbasic
ABID0184,,TOMA,IgG,,10.1093/eurheartj/ehad205,37122097,No,Basic,ABID0184,TOMA,,,new_antibody_family,no_match,tomaiggbasic
ABID0185,,c#6 (mAb07/1),mIgG1,Fab c#6/AβpE3–12PEGb : 5MYO,10.1074/jbc.M117.777839,28623233,No,Basic,ABID0185,c#6 (mAb07/1),,,new_antibody_family,no_match,c6mab071migg1basic
ABID0186,,c#17,mIgG2b,PDB Fab c#17/AβpE3–12PEGb : 5MY4,10.1074/jbc.M117.777839,28623233,No,Basic,ABID0186,c#17,,,new_antibody_family,no_match,c17migg2bbasic
ABID0187,,c#24,mIgG1,PDB Fab c#24/AβpE3–18 : 5MYX,10.1074/jbc.M117.777839,28623233,No,Basic,ABID0187,c#24,,,new_antibody_family,no_match,c24migg1basic
ABID0188,,hWO-2 Fab,Fab,"structure: PDB:3AAZ , sequence : Fig 1.A",10.1002/pro.312,20014445,No,Basic,ABID0188,hWO-2 Fab,,,new_antibody_family,no_match,hwo2fabfabbasic
ABID0189,,cWO-2 Fab,Fab,,10.1002/pro.312,20014445,No,Basic,ABID0189,cWO-2 Fab,,,new_antibody_family,no_match,cwo2fabfabbasic
ABID0190,,32G12,Fab,,10.1002/pro.312,20014445,No,Basic,ABID0190,32G12,,,new_antibody_family,no_match,32g12fabbasic
ABID0191,,A8,mIgG2b,,10.3233/JAD-190874,31839610,No,Basic,ABID0191,A8,,,new_antibody_family,no_match,a8migg2bbasic
ABID0191,,A8,mIgG2b,,10.3233/JAD-2010-091195,21297277,No,Basic,ABID0191,A8,,,new_antibody_family,no_match,a8migg2bbasic
ABID0192,,204,Rabbit IgG,,10.1111/jnc.12305,23672786,No,Basic,ABID0192,204,,,new_antibody_family,no_match,204rabbitiggbasic
ABID0193,,205,Rabbit IgG,,10.1111/jnc.12305,23672786,No,Basic,ABID0193,205,,,new_antibody_family,no_match,205rabbitiggbasic
ABID0194,Ganterumab,Ganterumab,,,10.14283/jpad.2020.68,33336218,Yes,,ABID0194,Ganterumab,,,new_antibody_family,no_match,ganterumab
ABID0194,Ganterumab,Ganterumab,,,10.1523/JNEUROSCI.1405-14.2014,25164658,Yes,,ABID0194,Ganterumab,,,new_antibody_family,no_match,ganterumab
ABID0195,,1H7,,,10.1021/acschemneuro.9b00020,31042358,No,Basic,ABID0195,1H7,,,new_antibody_family,no_match,1h7basic
ABID0196,,3H3,,,10.1038/s41467-020-14685-3,32081907,No,Basic,ABID0196,3H3,,,new_antibody_family,no_match,3h3basic
ABID0197,,4G1,IgG,,10.1038/s41467-020-14685-3,32081907,No,Basic,ABID0197,4G1,,,new_antibody_family,no_match,4g1iggbasic
ABID0198,,4A6,IgG,,10.1038/s41467-020-14685-3,32081907,No,Basic,ABID0198,4A6,,,new_antibody_family,no_match,4a6iggbasic
ABID0199,,2C10,IgG,,10.1038/s41467-020-14685-3,32081907,No,Basic,ABID0199,2C10,,,new_antibody_family,no_match,2c10iggbasic
ABID0200,,6A,IgG,,10.1038/s41467-020-14685-3,32081907,No,Basic,ABID0200,6A,,,new_antibody_family,no_match,6aiggbasic
ABID0201,,B6,scFv,Sequence available in Figure 3 from doi: 10.1093/jb/mvm239. VH (G4S)3-VL,10.2174/1567205013666161108110031,27829339,No,Basic,ABID0201,B6,,,new_antibody_family,no_match,b6scfvbasic
ABID0202,,B7,scFv,Sequence available in Figure 3 from doi: 10.1093/jb/mvm239. VH (G4S)3-VL,10.2174/1567205013666161108110031,27829339,No,Basic,ABID0202,B7,,,new_antibody_family,no_match,b7scfvbasic
ABID0203,,HS72,Catalytic human scFv,, 10.1016/j.neuropharm.2023.109775,37913984,No,Basic,ABID0203,HS72,,,new_antibody_family,no_match,hs72catalytichumanscfvbasic
ABID0204,,VH14*PEST,"Nanobody (camelid, shark Ab)",,10.1038/s41531-018-0062-4,30155513,No,Basic,ABID0204,VH14*PEST,,,new_antibody_family,no_match,vh14pestnanobodycamelidsharkabbasic
ABID0205,,NbSyn87*PEST,"Nanobody (camelid, shark Ab)",,10.1038/s41531-018-0062-4,30155513,No,Basic,ABID0205,NbSyn87*PEST,,,new_antibody_family,no_match,nbsyn87pestnanobodycamelidsharkabbasic
ABID0206,,IgVL5D3,Catalytic antibody human VL,GenBank FJ231718,"Catalytic antibody. Human VL fused to: a tag at the C terminus, corresponding to the peptide linker, a short peptide region in place of the VH domain, and the His6/c-myc tag.",24733587,No,Basic,ABID0206,IgVL5D3,,,new_antibody_family,no_match,igvl5d3catalyticantibodyhumanvlbasic
ABID0207,,DesAb-Aβ(3–9)-FETLTLR,"Nanobody (camelid, shark Ab) containing a grafted peptide into the CDR3 targeting Aβ3–9",N terminus-MRGSHHHHHHGMASMTGGQQMGRDLYDDDDKDPKLEVQLVESGGGLVQPGGSLRLSCAASGFNIKDTYIGWVRRAPGKGKEWVASIYPTNGYTRYADSVKGRFTISADTSKNTAYLQMNSLRAEDTAVYYCAAGSHETLTLREEEAAAWGQGTLVTVSSGT-C terminus,10.1016/j.chembiol.2020.11.002,33217338,No,Basic,ABID0207,DesAb-Aβ(3–9)-FETLTLR,,,new_antibody_family,no_match,desaba39fetltlrnanobodycamelidsharkabcontainingagraftedpeptideintothecdr3targetinga39basic
ABID0208,,DesAb-Aβ(3–9)-FETLTLR(T138captamine),"Nanobody (camelid, shark Ab) containing a grafted peptide into the CDR3 targeting Aβ3–9 and a mutation on T138 to unnatural side chain 2-(Dimethylamino)ethanethiol hydrochloride (captamine)","""Wild type"" DesAb-Aβ(3–9) sequence: N terminus-MRGSHHHHHHGMASMTGGQQMGRDLYDDDDKDPKLEVQLVESGGGLVQPGGSLRLSCAASGFNIKDTYIGWVRRAPGKGKEWVASIYPTNGYTRYADSVKGRFTISADTSKNTAYLQMNSLRAEDTAVYYCAAGSHETLTLREEEAAAWGQGTLVTVSSGT-C terminus",10.1016/j.chembiol.2020.11.002,33217338,,Basic,ABID0208,DesAb-Aβ(3–9)-FETLTLR(T138captamine),,,new_antibody_family,no_match,desaba39fetltlrt138captaminenanobodycamelidsharkabcontainingagraftedpeptideintothecdr3targetinga39andamutationont138tounnaturalsidechain2dimethylaminoethanethiolhydrochloridecaptaminebasic
ABID0209,,DesAb-Aβ(3–9)-FETLTLR(T138cysteamine),"Nanobody (camelid, shark Ab) containing a grafted peptide into the CDR3 targeting Aβ3–9 and a mutation on T138 to unnatural residue Cysteamine","""Wild type"" DesAb-Aβ(3–9) sequence: N terminus-MRGSHHHHHHGMASMTGGQQMGRDLYDDDDKDPKLEVQLVESGGGLVQPGGSLRLSCAASGFNIKDTYIGWVRRAPGKGKEWVASIYPTNGYTRYADSVKGRFTISADTSKNTAYLQMNSLRAEDTAVYYCAAGSHETLTLREEEAAAWGQGTLVTVSSGT-C terminus",10.1016/j.chembiol.2020.11.002,33217338,No,Basic,ABID0209,DesAb-Aβ(3–9)-FETLTLR(T138cysteamine),,,new_antibody_family,no_match,desaba39fetltlrt138cysteaminenanobodycamelidsharkabcontainingagraftedpeptideintothecdr3targetinga39andamutationont138tounnaturalresiduecysteaminebasic
ABID0210,,DesAb-Aβ(3–9)-FETLTLR(L139-1-thiobutane),"Nanobody (camelid, shark Ab) containing a grafted peptide into the CDR3 targeting Aβ3–9 and a mutation on T138 to unnatural side chain 1-tiobutane","""Wild type"" DesAb-Aβ(3–9) sequence: N terminus-MRGSHHHHHHGMASMTGGQQMGRDLYDDDDKDPKLEVQLVESGGGLVQPGGSLRLSCAASGFNIKDTYIGWVRRAPGKGKEWVASIYPTNGYTRYADSVKGRFTISADTSKNTAYLQMNSLRAEDTAVYYCAAGSHETLTLREEEAAAWGQGTLVTVSSGT-C terminus",10.1016/j.chembiol.2020.11.002,33217338,No,Basic,ABID0210,DesAb-Aβ(3–9)-FETLTLR(L139-1-thiobutane),,,new_antibody_family,no_match,desaba39fetltlrl1391thiobutanenanobodycamelidsharkabcontainingagraftedpeptideintothecdr3targetinga39andamutationont138tounnaturalsidechain1tiobutanebasic
ABID0211,,DesAb-Aβ(3–9)-FETLTLR(E137[4-Nitrobenzyl]mercaptan),"Nanobody (camelid, shark Ab) containing a grafted peptide into the CDR3 targeting Aβ3–9 and a mutation on T138 to unnatural side chain [4-Nitrobenzyl]mercaptan","""Wild type"" DesAb-Aβ(3–9) sequence: N terminus-MRGSHHHHHHGMASMTGGQQMGRDLYDDDDKDPKLEVQLVESGGGLVQPGGSLRLSCAASGFNIKDTYIGWVRRAPGKGKEWVASIYPTNGYTRYADSVKGRFTISADTSKNTAYLQMNSLRAEDTAVYYCAAGSHETLTLREEEAAAWGQGTLVTVSSGT-C terminus",10.1016/j.chembiol.2020.11.002,33217338,No,Basic,ABID0211,DesAb-Aβ(3–9)-FETLTLR(E137[4-Nitrobenzyl]mercaptan),,,new_antibody_family,no_match,desaba39fetltlre1374nitrobenzylmercaptannanobodycamelidsharkabcontainingagraftedpeptideintothecdr3targetinga39andamutationont138tounnaturalsidechain4nitrobenzylmercaptanbasic
ABID0212,,DesAb-Aβ(3–9)-FETLTLR(E137cysteamine),"Nanobody (camelid, shark Ab) containing a grafted peptide into the CDR3 targeting Aβ3–9 and a mutation on E137 to unnatural residue Cysteamine","""Wild type"" DesAb-Aβ(3–9) sequence: N terminus-MRGSHHHHHHGMASMTGGQQMGRDLYDDDDKDPKLEVQLVESGGGLVQPGGSLRLSCAASGFNIKDTYIGWVRRAPGKGKEWVASIYPTNGYTRYADSVKGRFTISADTSKNTAYLQMNSLRAEDTAVYYCAAGSHETLTLREEEAAAWGQGTLVTVSSGT-C terminus",10.1016/j.chembiol.2020.11.002,33217338,No,Basic,ABID0212,DesAb-Aβ(3–9)-FETLTLR(E137cysteamine),,,new_antibody_family,no_match,desaba39fetltlre137cysteaminenanobodycamelidsharkabcontainingagraftedpeptideintothecdr3targetinga39andamutationone137tounnaturalresiduecysteaminebasic
ABID0213,,DesAb-Aβ(3–9)-FETLTLR(L139cysteamine),"Nanobody (camelid, shark Ab) containing a grafted peptide into the CDR3 targeting Aβ3–9 and a mutation on L139 to unnatural residue Cysteamine","""Wild type"" DesAb-Aβ(3–9) sequence: N terminus-MRGSHHHHHHGMASMTGGQQMGRDLYDDDDKDPKLEVQLVESGGGLVQPGGSLRLSCAASGFNIKDTYIGWVRRAPGKGKEWVASIYPTNGYTRYADSVKGRFTISADTSKNTAYLQMNSLRAEDTAVYYCAAGSHETLTLREEEAAAWGQGTLVTVSSGT-C terminus",10.1016/j.chembiol.2020.11.002,33217338,No,Basic,ABID0213,DesAb-Aβ(3–9)-FETLTLR(L139cysteamine),,,new_antibody_family,no_match,desaba39fetltlrl139cysteaminenanobodycamelidsharkabcontainingagraftedpeptideintothecdr3targetinga39andamutationonl139tounnaturalresiduecysteaminebasic
ABID0214,,DesAb-Aβ(3–9)-FETLTLR(E137MESNA),"Nanobody (camelid, shark Ab) containing a grafted peptide into the CDR3 targeting Aβ3–9 and a mutation on E137 to unnatural side chain Sodium 2-mercaptoethanesulfonate (MESNA)","""Wild type"" DesAb-Aβ(3–9) sequence: N terminus-MRGSHHHHHHGMASMTGGQQMGRDLYDDDDKDPKLEVQLVESGGGLVQPGGSLRLSCAASGFNIKDTYIGWVRRAPGKGKEWVASIYPTNGYTRYADSVKGRFTISADTSKNTAYLQMNSLRAEDTAVYYCAAGSHETLTLREEEAAAWGQGTLVTVSSGT-C terminus",10.1016/j.chembiol.2020.11.002,33217338,No,Basic,ABID0214,DesAb-Aβ(3–9)-FETLTLR(E137MESNA),,,new_antibody_family,no_match,desaba39fetltlre137mesnananobodycamelidsharkabcontainingagraftedpeptideintothecdr3targetinga39andamutationone137tounnaturalsidechainsodium2mercaptoethanesulfonatemesnabasic
ABID0215,,DesAb-Aβ(3–9)-FETLTLR(E137LCys),"Nanobody (camelid, shark Ab) containing a grafted peptide into the CDR3 targeting Aβ3–9 and a mutation on E137 to L-cysteine","""Wild type"" DesAb-Aβ(3–9) sequence: N terminus-MRGSHHHHHHGMASMTGGQQMGRDLYDDDDKDPKLEVQLVESGGGLVQPGGSLRLSCAASGFNIKDTYIGWVRRAPGKGKEWVASIYPTNGYTRYADSVKGRFTISADTSKNTAYLQMNSLRAEDTAVYYCAAGSHETLTLREEEAAAWGQGTLVTVSSGT-C terminus",10.1016/j.chembiol.2020.11.002,33217338,No,Basic,ABID0215,DesAb-Aβ(3–9)-FETLTLR(E137LCys),,,new_antibody_family,no_match,desaba39fetltlre137lcysnanobodycamelidsharkabcontainingagraftedpeptideintothecdr3targetinga39andamutationone137tolcysteinebasic
ABID0216,,DesAb-Aβ(3–9)-FETLTLR(L139-β-mercaptoethanol),"Nanobody (camelid, shark Ab) containing a grafted peptide into the CDR3 targeting Aβ3–9 and a mutation on L139 to unnatural side chain 1-butanethiol","""Wild type"" DesAb-Aβ(3–9) sequence: N terminus-MRGSHHHHHHGMASMTGGQQMGRDLYDDDDKDPKLEVQLVESGGGLVQPGGSLRLSCAASGFNIKDTYIGWVRRAPGKGKEWVASIYPTNGYTRYADSVKGRFTISADTSKNTAYLQMNSLRAEDTAVYYCAAGSHETLTLREEEAAAWGQGTLVTVSSGT-C terminus",10.1016/j.chembiol.2020.11.002,33217338,No,Basic,ABID0216,DesAb-Aβ(3–9)-FETLTLR(L139-β-mercaptoethanol),,,new_antibody_family,no_match,desaba39fetltlrl139mercaptoethanolnanobodycamelidsharkabcontainingagraftedpeptideintothecdr3targetinga39andamutationonl139tounnaturalsidechain1butanethiolbasic
ABID0217,,DesAb-Aβ(3–9)-FETLTLR(L139Tertbutanethiol),"Nanobody (camelid, shark Ab) containing a grafted peptide into the CDR3 targeting Aβ3–9 and a mutation on L139 to unnatural side chain Tertbutanethiol","""Wild type"" DesAb-Aβ(3–9) sequence: N terminus-MRGSHHHHHHGMASMTGGQQMGRDLYDDDDKDPKLEVQLVESGGGLVQPGGSLRLSCAASGFNIKDTYIGWVRRAPGKGKEWVASIYPTNGYTRYADSVKGRFTISADTSKNTAYLQMNSLRAEDTAVYYCAAGSHETLTLREEEAAAWGQGTLVTVSSGT-C terminus",10.1016/j.chembiol.2020.11.002,33217338,No,Basic,ABID0217,DesAb-Aβ(3–9)-FETLTLR(L139Tertbutanethiol),,,new_antibody_family,no_match,desaba39fetltlrl139tertbutanethiolnanobodycamelidsharkabcontainingagraftedpeptideintothecdr3targetinga39andamutationonl139tounnaturalsidechaintertbutanethiolbasic
ABID0218,,DesAb-Aβ(3–9)-FETLTLR(L139Cyclohexanethiol),"Nanobody (camelid, shark Ab) containing a grafted peptide into the CDR3 targeting Aβ3–9 and a mutation on L139 to unnatural side chain Cyclohexanethiol","""Wild type"" DesAb-Aβ(3–9) sequence: N terminus-MRGSHHHHHHGMASMTGGQQMGRDLYDDDDKDPKLEVQLVESGGGLVQPGGSLRLSCAASGFNIKDTYIGWVRRAPGKGKEWVASIYPTNGYTRYADSVKGRFTISADTSKNTAYLQMNSLRAEDTAVYYCAAGSHETLTLREEEAAAWGQGTLVTVSSGT-C terminus",10.1016/j.chembiol.2020.11.002,33217338,No,Basic,ABID0218,DesAb-Aβ(3–9)-FETLTLR(L139Cyclohexanethiol),,,new_antibody_family,no_match,desaba39fetltlrl139cyclohexanethiolnanobodycamelidsharkabcontainingagraftedpeptideintothecdr3targetinga39andamutationonl139tounnaturalsidechaincyclohexanethiolbasic
ABID0219,,DesAb-Aβ(3–9)-FETLTLR(T138-β-mercaptoethanol),"Nanobody (camelid, shark Ab) containing a grafted peptide into the CDR3 targeting Aβ3–9 and a mutation on T138 to unnatural side chain 1-butanethiol","""Wild type"" DesAb-Aβ(3–9) sequence: N terminus-MRGSHHHHHHGMASMTGGQQMGRDLYDDDDKDPKLEVQLVESGGGLVQPGGSLRLSCAASGFNIKDTYIGWVRRAPGKGKEWVASIYPTNGYTRYADSVKGRFTISADTSKNTAYLQMNSLRAEDTAVYYCAAGSHETLTLREEEAAAWGQGTLVTVSSGT-C terminus",10.1016/j.chembiol.2020.11.002,33217338,No,Basic,ABID0219,DesAb-Aβ(3–9)-FETLTLR(T138-β-mercaptoethanol),,,new_antibody_family,no_match,desaba39fetltlrt138mercaptoethanolnanobodycamelidsharkabcontainingagraftedpeptideintothecdr3targetinga39andamutationont138tounnaturalsidechain1butanethiolbasic
ABID0220,,DesAb-Aβ(3–9)-FETLTLR(T138-1-thioglycerol),"Nanobody (camelid, shark Ab) containing a grafted peptide into the CDR3 targeting Aβ3–9 and a mutation on T138 to unnatural side chain 1-thioglycerol","""Wild type"" DesAb-Aβ(3–9) sequence: N terminus-MRGSHHHHHHGMASMTGGQQMGRDLYDDDDKDPKLEVQLVESGGGLVQPGGSLRLSCAASGFNIKDTYIGWVRRAPGKGKEWVASIYPTNGYTRYADSVKGRFTISADTSKNTAYLQMNSLRAEDTAVYYCAAGSHETLTLREEEAAAWGQGTLVTVSSGT-C terminus",10.1016/j.chembiol.2020.11.002,33217338,No,Basic,ABID0220,DesAb-Aβ(3–9)-FETLTLR(T138-1-thioglycerol),,,new_antibody_family,no_match,desaba39fetltlrt1381thioglycerolnanobodycamelidsharkabcontainingagraftedpeptideintothecdr3targetinga39andamutationont138tounnaturalsidechain1thioglycerolbasic
ABID0221,,DesAb-Aβ(3–9)-FETLTLR(T138MESNA),"Nanobody (camelid, shark Ab) containing a grafted peptide into the CDR3 targeting Aβ3–9 and a mutation on T138 to unnatural side chain Sodium 2-mercaptoethanesulfonate (MESNA)","""Wild type"" DesAb-Aβ(3–9) sequence: N terminus-MRGSHHHHHHGMASMTGGQQMGRDLYDDDDKDPKLEVQLVESGGGLVQPGGSLRLSCAASGFNIKDTYIGWVRRAPGKGKEWVASIYPTNGYTRYADSVKGRFTISADTSKNTAYLQMNSLRAEDTAVYYCAAGSHETLTLREEEAAAWGQGTLVTVSSGT-C terminus",10.1016/j.chembiol.2020.11.002,33217338,No,Basic,ABID0221,DesAb-Aβ(3–9)-FETLTLR(T138MESNA),,,new_antibody_family,no_match,desaba39fetltlrt138mesnananobodycamelidsharkabcontainingagraftedpeptideintothecdr3targetinga39andamutationont138tounnaturalsidechainsodium2mercaptoethanesulfonatemesnabasic
ABID0222,,"DesAb-Aβ(3–9)-FETLTLR(T138N,N,N-trimethylcysteamine)","Nanobody (camelid, shark Ab) containing a grafted peptide into the CDR3 targeting Aβ3–9 and a mutation on T138 to unnatural side chain N,N,N-trimethylcysteamine","""Wild type"" DesAb-Aβ(3–9) sequence: N terminus-MRGSHHHHHHGMASMTGGQQMGRDLYDDDDKDPKLEVQLVESGGGLVQPGGSLRLSCAASGFNIKDTYIGWVRRAPGKGKEWVASIYPTNGYTRYADSVKGRFTISADTSKNTAYLQMNSLRAEDTAVYYCAAGSHETLTLREEEAAAWGQGTLVTVSSGT-C terminus",10.1016/j.chembiol.2020.11.002,33217338,No,Basic,ABID0222,"DesAb-Aβ(3–9)-FETLTLR(T138N,N,N-trimethylcysteamine)",,,new_antibody_family,no_match,desaba39fetltlrt138nnntrimethylcysteaminenanobodycamelidsharkabcontainingagraftedpeptideintothecdr3targetinga39andamutationont138tounnaturalsidechainnnntrimethylcysteaminebasic
ABID0223,,DesAb-Aβ(3–9)-FETLTLR(T138N-acetylcysteamine),"Nanobody (camelid, shark Ab) containing a grafted peptide into the CDR3 targeting Aβ3–9 and a mutation on T138 to unnatural side chain N-acetylcysteamine","""Wild type"" DesAb-Aβ(3–9) sequence: N terminus-MRGSHHHHHHGMASMTGGQQMGRDLYDDDDKDPKLEVQLVESGGGLVQPGGSLRLSCAASGFNIKDTYIGWVRRAPGKGKEWVASIYPTNGYTRYADSVKGRFTISADTSKNTAYLQMNSLRAEDTAVYYCAAGSHETLTLREEEAAAWGQGTLVTVSSGT-C terminus",10.1016/j.chembiol.2020.11.002,33217338,No,Basic,ABID0223,DesAb-Aβ(3–9)-FETLTLR(T138N-acetylcysteamine),,,new_antibody_family,no_match,desaba39fetltlrt138nacetylcysteaminenanobodycamelidsharkabcontainingagraftedpeptideintothecdr3targetinga39andamutationont138tounnaturalsidechainnacetylcysteaminebasic
ABID0224,,DesAb-Aβ(3–9)-FETLTLR(T138-4-morpholinethanethiol),"Nanobody (camelid, shark Ab) containing a grafted peptide into the CDR3 targeting Aβ3–9 and a mutation on T138 to unnatural side chain 4-morpholinethanethiol","""Wild type"" DesAb-Aβ(3–9) sequence: N terminus-MRGSHHHHHHGMASMTGGQQMGRDLYDDDDKDPKLEVQLVESGGGLVQPGGSLRLSCAASGFNIKDTYIGWVRRAPGKGKEWVASIYPTNGYTRYADSVKGRFTISADTSKNTAYLQMNSLRAEDTAVYYCAAGSHETLTLREEEAAAWGQGTLVTVSSGT-C terminus",10.1016/j.chembiol.2020.11.002,33217338,No,Basic,ABID0224,DesAb-Aβ(3–9)-FETLTLR(T138-4-morpholinethanethiol),,,new_antibody_family,no_match,desaba39fetltlrt1384morpholinethanethiolnanobodycamelidsharkabcontainingagraftedpeptideintothecdr3targetinga39andamutationont138tounnaturalsidechain4morpholinethanethiolbasic
ABID0225,,DesAb-Aβ(3–9)-FETLTLR(T138K),"Nanobody (camelid, shark Ab) containing a grafted peptide into the CDR3 targeting Aβ3–9 and a mutation on T138K","""Wild type"" DesAb-Aβ(3–9) sequence: N terminus-MRGSHHHHHHGMASMTGGQQMGRDLYDDDDKDPKLEVQLVESGGGLVQPGGSLRLSCAASGFNIKDTYIGWVRRAPGKGKEWVASIYPTNGYTRYADSVKGRFTISADTSKNTAYLQMNSLRAEDTAVYYCAAGSHETLTLREEEAAAWGQGTLVTVSSGT-C terminus",10.1016/j.chembiol.2020.11.002,33217338,No,Basic,ABID0225,DesAb-Aβ(3–9)-FETLTLR(T138K),,,new_antibody_family,no_match,desaba39fetltlrt138knanobodycamelidsharkabcontainingagraftedpeptideintothecdr3targetinga39andamutationont138kbasic
ABID0226,,DesAb9–17,Single-domain antibody-like scaffold; sdAb,Sequence: MEVQLVESGGGLVQPGGSLRLSAAASGFNIKDTYIGWVRRAPGKGEEWVASIYPTNGYTRYADSVKGRFTISADTSKNTAYLQMNSLRAEDTAVYYAAAGSYSKEVGFYQEEEAAAWGQGTLVTVSSGSHHHHHHH,10.1039/d5sc01427a,41395543,No,Basic,ABID0226,DesAb9–17,,,new_antibody_family,no_match,desab917singledomainantibodylikescaffoldsdabbasic
ABID0227,,DesAb12–18,Single-domain antibody-like scaffold; sdAb,Sequence: MEVQLVESGGGLVQPGGSLRLSAAASGFNIKDTYIGWVRRAPGKGEEWVASIYPTNGYTRYADSVKGRFTISADTSKNTAYLQMNSLRAEDTAVYYAAAGSTATVTAGEEEAAAWGQGTLVTVSSGSHHHHHHH,10.1039/d5sc01427a,41395543,No,Basic,ABID0227,DesAb12–18,,,new_antibody_family,no_match,desab1218singledomainantibodylikescaffoldsdabbasic
ABID0228,,DesAb15–22,Single-domain antibody-like scaffold; sdAb,Sequence: MEVQLVESGGGLVQPGGSLRLSAAASGFNIKDTYIGWVRRAPGKGEEWVASIYPTNGYTRYADSVKGRFTISADTSKNTAYLQMNSLRAEDTAVYYAAAGSTSQSKVAFEEEAAAWGQGTLVTVSSGSHHHHHHH,10.1039/d5sc01427a,41395543,No,Basic,ABID0228,DesAb15–22,,,new_antibody_family,no_match,desab1522singledomainantibodylikescaffoldsdabbasic
ABID0229,,DesAb19–26,Single-domain antibody-like scaffold; sdAb,Sequence: MEVQLVESGGGLVQPGGSLRLSAAASGFNIKDTYIGWVRRAPGKGEEWVASIYPTNGYTRYADSVKGRFTISADTSKNTAYLQMNSLRAEDTAVYYAAAGSIAYNTSVNEEEAAAWGQGTLVTVSSGSHHHHHHH,10.1039/d5sc01427a,41395543,No,Basic,ABID0229,DesAb19–26,,,new_antibody_family,no_match,desab1926singledomainantibodylikescaffoldsdabbasic
ABID0230,,DesAb20–28,Single-domain antibody-like scaffold; sdAb,Sequence: MEVQLVESGGGLVQPGGSLRLSAAASGFNIKDTYIGWVRRAPGKGEEWVASIYPTNGYTRYADSVKGRFTISADTSKNTAYLQMNSLRAEDTAVYYAAAGSDIKAYNTSLEEEAAAWGQGTLVTVSSGSHHHHHHH,10.1039/d5sc01427a,41395543,No,Basic,ABID0230,DesAb20–28,,,new_antibody_family,no_match,desab2028singledomainantibodylikescaffoldsdabbasic
ABID0231,,DesAb22–29,Single-domain antibody-like scaffold; sdAb,Sequence: MEVQLVESGGGLVQPGGSLRLSAAASGFNIKDTYIGWVRRAPGKGEEWVASIYPTNGYTRYADSVKGRFTISADTSKNTAYLQMNSLRAEDTAVYYAAAGSRLGVYSLKEEEAAAWGQGTLVTVSSGSHHHHHHH,10.1039/d5sc01427a,41395543,No,Basic,ABID0231,DesAb22–29,,,new_antibody_family,no_match,desab2229singledomainantibodylikescaffoldsdabbasic
ABID0232,,DesAb26–32,Single-domain antibody-like scaffold; sdAb,Sequence: MEVQLVESGGGLVQPGGSLRLSAAASGFNIKDTYIGWVRRAPGKGEEWVASIYPTNGYTRYADSVKGRFTISADTSKNTAYLQMNSLRAEDTAVYYAAAGSALTTSAFLEEEAAAWGQGTLVTVSSGSHHHHHHH,10.1039/d5sc01427a,41395543,No,Basic,ABID0232,DesAb26–32,,,new_antibody_family,no_match,desab2632singledomainantibodylikescaffoldsdabbasic
ABID0233,,DesAb26–34,Single-domain antibody-like scaffold; sdAb,Sequence: MEVQLVESGGGLVQPGGSLRLSAAASGFNIKDTYIGWVRRAPGKGEEWVASIYPTNGYTRYADSVKGRFTISADTSKNTAYLQMNSLRAEDTAVYYAAAGSDAYKQESAIEEEAAAWGQGTLVTVSSGSHHHHHHH,10.1039/d5sc01427a,41395543,No,Basic,ABID0233,DesAb26–34,,,new_antibody_family,no_match,desab2634singledomainantibodylikescaffoldsdabbasic
ABID0234,,DesAb30–37,Single-domain antibody-like scaffold; sdAb,Sequence: MEVQLVESGGGLVQPGGSLRLSAAASGFNIKDTYIGWVRRAPGKGEEWVASIYPTNGYTRYADSVKGRFTISADTSKNTAYLQMNSLRAEDTAVYYAAAGSGKILYANAEEEAAAWGQGTLVTVSSGSHHHHHHH,10.1039/d5sc01427a,41395543,No,Basic,ABID0234,DesAb30–37,,,new_antibody_family,no_match,desab3037singledomainantibodylikescaffoldsdabbasic
ABID0235,,Monobody9–17,Monobody,Sequence: MEVVAATPTSLLISWDAYSKEVGFYQVDY30YRITYGETGGNSPVQEFTVPGSKSTATISG60LKPGVDYTITVYAEGYYSSYSSPISINYRT90HHHHHH,10.1039/d5sc01427a,41395543,No,Basic,ABID0235,Monobody9–17,,,new_antibody_family,no_match,monobody917monobodybasic
ABID0236,,Monobody19–26,Monobody,Sequence: MEVVAATPTSLLISWDAIAYNTSVNVDY30YRITYGETGGNSPVQEFTVPGSKSTATISG60LKPGVDYTITVYAEGYYSSYSSPISINYRT90HHHHHH,10.1039/d5sc01427a,41395543,No,Basic,ABID0236,Monobody19–26,,,new_antibody_family,no_match,monobody1926monobodybasic
ABID0237,,Monobody20–28,Monobody,Sequence: MEVVAATPTSLLISWDADIKAYNTSLVDY30YRITYGETGGNSPVQEFTVPGSKSTATISG60LKPGVDYTITVYAEGYYSSYSSPISINYRT90HHHHHH,10.1039/d5sc01427a,41395543,No,Basic,ABID0237,Monobody20–28,,,new_antibody_family,no_match,monobody2028monobodybasic
ABID0238,,Monobody26–34,Monobody,Sequence: MEVVAATPTSLLISWDADAYKQESAIVDY30YRITYGETGGNSPVQEFTVPGSKSTATISG60LKPGVDYTITVYAEGYYSSYSSPISINYRT90HHHHHH,10.1039/d5sc01427a,41395543,No,Basic,ABID0238,Monobody26–34,,,new_antibody_family,no_match,monobody2634monobodybasic
ABID0239,,Monobodyneg,Monobody,Sequence: MEVVAATPTSLLISWDASGAAAGSGSVDY30YRITYGETGGNSPVQEFTVPGSKSTATISG60LKPGVDYTITVYAEGYYSSYSSPISINYRT90HHHHHH,10.1039/d5sc01427a,41395543,No,Basic,ABID0239,Monobodyneg,,,new_antibody_family,no_match,monobodynegmonobodybasic
ABID0240,,DesAb-Aβ(3-9)-FETLTLR(C23AC97V),"Nanobody (camelid, shark Ab) containing a grafted peptide into the CDR3 targeting Aβ3–9","Changes from the original DesAb-Aβ(3–9), as the grafted peptide originally was HETLTLR, while in this study is FETLTLR (H->F mutation). Additional mutations C23A, C97V",10.1039/d5sc01427a,41395543,No,Basic,ABID0240,DesAb-Aβ(3-9)-FETLTLR(C23AC97V),,,new_antibody_family,no_match,desaba39fetltlrc23ac97vnanobodycamelidsharkabcontainingagraftedpeptideintothecdr3targetinga39basic
ABID0241,,DesAb-Aβ(3-9)-FETLTLR(C23AC97A),"Nanobody (camelid, shark Ab) containing a grafted peptide into the CDR3 targeting Aβ3–9","Changes from the original DesAb-Aβ(3–9), as the grafted peptide originally was HETLTLR, while in this study is FETLTLR (H->F mutation). Additional mutations C23A, C97A",10.1039/d5sc01427a,41395543,No,Basic,ABID0241,DesAb-Aβ(3-9)-FETLTLR(C23AC97A),,,new_antibody_family,no_match,desaba39fetltlrc23ac97ananobodycamelidsharkabcontainingagraftedpeptideintothecdr3targetinga39basic
ABID0242,,DesAbneg,Single-domain antibody-like scaffold; sdAb,Sequence: MEVQLVESGGGLVQPGGSLRLSAAASGFNIKDTYIGWVRRAPGKGEEWVASIYPTNGYTRYADSVKGRFTISADTSKNTAYLQMNSLRAEDTAVYYAAAGSSGAAAGSGSEEEAAAWGQGTLVTVSSGSHHHHHHH,10.1039/d5sc01427a,41395543,No,Basic,ABID0242,DesAbneg,,,new_antibody_family,no_match,desabnegsingledomainantibodylikescaffoldsdabbasic
ABID0243,,FETLTLR(BC)-wt(FG),Monobody,Sequence: MVSSVPTKLEVVAATPTSLLISWDAFETLTLRVDYYRITYGETGGNSPVQEFTVPGSKSTATISGLKPGVDYTITVYAVTGRGDSPASSSPISINYRTHHHHHH,10.1039/d5sc01427a,41395543,No,Basic,ABID0243,FETLTLR(BC)-wt(FG),,,new_antibody_family,no_match,fetltlrbcwtfgmonobodybasic
ABID0244,,GSFETLTLREEE(BC)-wt(FG),Monobody,Sequence: MVSSVPTKLEVVAATPTSLLISWDAGSFETLTLREEEVDYYRITYGETGGNSPVQEFTVPGSKSTATISGLKPGVDYTITVYAVTGRGDSPASSSPISINYRTHHHHHH,10.1039/d5sc01427a,41395543,No,Basic,ABID0244,GSFETLTLREEE(BC)-wt(FG),,,new_antibody_family,no_match,gsfetltlreeebcwtfgmonobodybasic
ABID0245,,wt(BC)-FETLTLR(FG),Monobody,Sequence: MVSSVPTKLEVVAATPTSLLISWDAPAVTVDYYRITYGETGGNSPVQEFTVPGSKSTATISGLKPGVDYTITVYAFETLTLRSPISINYRTHHHHHH,10.1039/d5sc01427a,41395543,No,Basic,ABID0245,wt(BC)-FETLTLR(FG),,,new_antibody_family,no_match,wtbcfetltlrfgmonobodybasic
ABID0246,,wt(BC)-GSFETLTLREEE(FG),Monobody,Sequence: MVSSVPTKLEVVAATPTSLLISWDAPAVTVDYYRITYGETGGNSPVQEFTVPGSKSTATISGLKPGVDYTITVYAGSFETLTLREEESPISINYRTHHHHHH,10.1039/d5sc01427a,41395543,No,Basic,ABID0246,wt(BC)-GSFETLTLREEE(FG),,,new_antibody_family,no_match,wtbcgsfetltlreeefgmonobodybasic
ABID0247,,N-4-FETLTLR(BC)-wt(FG),Monobody,Sequence: MPTKLEVVAATPTSLLISWDAFETLTLRVDYYRITYGETGGNSPVQEFTVPGSKSTATISGLKPGVDYTITVYAVTGRGDSPASSSPISINYRTHHHHHH,10.1039/d5sc01427a,41395543,No,Basic,ABID0247,N-4-FETLTLR(BC)-wt(FG),,,new_antibody_family,no_match,n4fetltlrbcwtfgmonobodybasic
ABID0248,,N-8-FETLTLR(BC)-AAAAS(FG),Monobody,Sequence: MEVVAATPTSLLISWDAFETLTLRVDYYRITYGETGGNSPVQEFTVPGSKSTATISGLKPGVDYTITVYAAAAASSPISINYRTHHHHHH,10.1039/d5sc01427a,41395543,No,Basic,ABID0248,N-8-FETLTLR(BC)-AAAAS(FG),,,new_antibody_family,no_match,n8fetltlrbcaaaasfgmonobodybasic
ABID0249,,N-8-GSFETLTLREEE(BC)-AAAAS(FG),Monobody,Sequence: MEVVAATPTSLLISWDAFETLTLRVDYYRITYGETGGNSPVQEFTVPGSKSTATISGLKPGVDYTITVYAEGYYSSYSPISINYRTHHHHHH,10.1039/d5sc01427a,41395543,No,Basic,ABID0249,N-8-GSFETLTLREEE(BC)-AAAAS(FG),,,new_antibody_family,no_match,n8gsfetltlreeebcaaaasfgmonobodybasic
ABID0250,,N-8-FETLTLR(BC)-EGYYSSY(FG),Monobody,Sequence: MEVVAATPTSLLISWDAGSFETLTLREEEVDYYRITYGETGGNSPVQEFTVPGSKSTATISGLKPGVDYTITVYAAAAASSPISINYRTHHHHHH,10.1039/d5sc01427a,41395543,No,Basic,ABID0250,N-8-FETLTLR(BC)-EGYYSSY(FG),,,new_antibody_family,no_match,n8fetltlrbcegyyssyfgmonobodybasic
ABID0251,,N-8-FETLTLR(BC)-PTSDYG(FG),Monobody,Sequence: MEVVAATPTSLLISWDAFETLTLRVDYYRITYGETGGNSPVQEFTVPGSKSTATISGLKPGVDYTITVYAPTSDYGSPISINYRTHHHHHH,10.1039/d5sc01427a,41395543,No,Basic,ABID0251,N-8-FETLTLR(BC)-PTSDYG(FG),,,new_antibody_family,no_match,n8fetltlrbcptsdygfgmonobodybasic
ABID0252,,4A8.E11,mIgG,,10.1111/jcmm.14119,30663210,No,Basic,ABID0252,4A8.E11,,,new_antibody_family,no_match,4a8e11miggbasic
ABID0253,,4B1.H9,mIgG,,10.1111/jcmm.14119,30663210,No,Basic,ABID0253,4B1.H9,,,new_antibody_family,no_match,4b1h9miggbasic
ABID0254,,3F2.E10,mIgG,,10.1111/jcmm.14119,30663210,No,Basic,ABID0254,3F2.E10,,,new_antibody_family,no_match,3f2e10miggbasic
ABID0255,,5C9.A2,mIgG,,10.1111/jcmm.14119,30663210,No,Basic,ABID0255,5C9.A2,,,new_antibody_family,no_match,5c9a2miggbasic
ABID0256,,1D4,mIgG1; Anti-rhodopsin,,10.1111/jcmm.14119,30663210,No,Non-clinical.,ABID0256,1D4,,,new_antibody_family,no_match,1d4migg1antirhodopsinnonclinical
ABID0257,,C6T,scFv,Refers to doi: 10.1016/j.jmb.2008.09.068,10.1074/jbc.RA120.015327,33376140,No,Basic,ABID0257,C6T,,,new_antibody_family,no_match,c6tscfvbasic
ABID0258,,A4,scFv,,10.1016/j.neurobiolaging.2010.09.020,21067847,No,Basic,ABID0258,A4,,,new_antibody_family,no_match,a4scfvbasic
ABID0258,,A4,scFv,Refers to doi: 10.1016/j.jmb.2008.09.068,10.1074/jbc.RA120.015327,33376140,No,Basic,ABID0258,A4,,,new_antibody_family,no_match,a4scfvbasic
ABID0259,,4396C,mIgG2a,,10.1021/jacs.4c08841,39445702,No,Basic,ABID0259,4396C,,,new_antibody_family,no_match,4396cmigg2abasic
ABID0260,,4G8,"mIgG1, κ",,10.1021/jacs.4c08841,39445702,No,Non-clinical,ABID0260,4G8,,,new_antibody_family,no_match,4g8migg1nonclinical
ABID0261,,scFv-Bsec,scFv,,10.1007/s12035-019-1597-z,31041656,No,Basic,ABID0261,scFv-Bsec,,,new_antibody_family,no_match,scfvbsecscfvbasic
ABID0262,,scFv-Diab,scFv. Bispecific antibody.,,10.1007/s12035-019-1597-z,31041656,No,Basic,ABID0262,scFv-Diab,,,new_antibody_family,no_match,scfvdiabscfvbispecificantibodybasic
ABID0263,,VH1,Single-domain antibody-like scaffold; sdAb (Llama-derived VH-like that forms a complex similar to the soluble LC dimer). ,PDB ID 8RPE,10.1111/febs.17223,38982771,No,Basic,ABID0263,VH1,,,new_antibody_family,no_match,vh1singledomainantibodylikescaffoldsdabllamaderivedvhlikethatformsacomplexsimilartothesolublelcdimerbasic
ABID0264,,Fab 4,Fab,,10.1016/j.jbc.2024.107507,38944121,No,Basic,ABID0264,Fab 4,,,new_antibody_family,no_match,fab4fabbasic
ABID0265,,Fab 14,Fab,,10.1016/j.jbc.2024.107507,38944121,No,Basic,ABID0265,Fab 14,,,new_antibody_family,no_match,fab14fabbasic
ABID0266,,Fab 19,Fab,,10.1016/j.jbc.2024.107507,38944121,No,Basic,ABID0266,Fab 19,,,new_antibody_family,no_match,fab19fabbasic
ABID0267,,Fab 21,Fab,,10.1016/j.jbc.2024.107507,38944121,No,Basic,ABID0267,Fab 21,,,new_antibody_family,no_match,fab21fabbasic
ABID0268,,VH1.27,VH,,10.1016/j.jneuroim.2010.03.023,20451261,No,Basic,ABID0268,VH1.27,,,new_antibody_family,no_match,vh127vhbasic
ABID0269,,Asec-1A,"Nanobody (camelid, shark Ab), scFv. Proteolytic antibody",,10.1021/bi902030m,20429609,No,Basic,ABID0269,Asec-1A,,,new_antibody_family,no_match,asec1ananobodycamelidsharkabscfvproteolyticantibodybasic
ABID0270,,αSP1,"Synthetic single-domain antibodies, sybody",,10.1021/acs.jmedchem.3c02408,38842931,No,Basic,ABID0270,αSP1,,,new_antibody_family,no_match,sp1syntheticsingledomainantibodiessybodybasic
ABID0271,,α-IAPP-O,IgG1,,10.1038/s41467-023-41986-0,37813862,No,Basic,ABID0271,α-IAPP-O,,,new_antibody_family,no_match,iappoigg1basic
ABID0272,,chα-IAPP-O,"Name for rat rIgG2b and mouse mIgG2a chimeric analogues of α-IAPP-O, also targeting human IAPP.",,10.1038/s41467-023-41986-0,37813862,No,Basic,ABID0272,chα-IAPP-O,,,new_antibody_family,no_match,chiapponameforratrigg2bandmousemigg2achimericanaloguesofiappoalsotargetinghumaniappbasic
ABID0273,,intra-scFv-SE21,scFv,,10.1093/brain/awad222,37394908,No,Basic,ABID0273,intra-scFv-SE21,,,new_antibody_family,no_match,intrascfvse21scfvbasic
ABID0274,,extra-scFv-SE21,scFv,,10.1093/brain/awad222,37394908,No,Basic,ABID0274,extra-scFv-SE21,,,new_antibody_family,no_match,extrascfvse21scfvbasic
ABID0275,,HS72,scFv,GeneBank accession number: OP562899,10.1007/s12035-023-03406-8,37326904,No,Basic,ABID0275,HS72,,,new_antibody_family,no_match,hs72scfvbasic
ABID0276,,HT7,scFv,GeneBank accession number: MG385840,10.1007/s12035-023-03406-8,37326904,No,Basic,ABID0276,HT7,,,new_antibody_family,no_match,ht7scfvbasic
ABID0276,,HT7,scFv,GeneBank database the accession number MG385840,10.1007/s12640-018-9955-6,30229545,No.,Basic,ABID0276,HT7,,,new_antibody_family,no_match,ht7scfvbasic
ABID0277,,DS1,scFv,"DS1 (Asp45, Gly241) was designed as an intermediate between HT7 (Gly45, Gly241; GeneBank accession number: MG385840) and HS72 (Asp45, His241;GeneBank accession number: OP562899 )",10.1007/s12035-023-03406-8,37326904,No,Basic,ABID0277,DS1,,,new_antibody_family,no_match,ds1scfvbasic
ABID0278,,12B4-like scFv (scFv-12B4),scFv,,10.3390/ijms24098371,37176076,No,Continued. scFv of 12B4,ABID0278,12B4-like scFv (scFv-12B4),,,new_antibody_family,no_match,12b4likescfvscfv12b4scfvcontinuedscfvof12b4
ABID0279,,6E10,mouse IgG1,,10.1021/acs.nanolett.3c00187,37141711,No,Non-clinical,ABID0279,6E10,,,new_antibody_family,no_match,6e10mouseigg1nonclinical
ABID0280,,4G8,,,10.1021/acs.nanolett.3c00187,37141711,No,Non-clinical,ABID0280,4G8,,,new_antibody_family,no_match,4g8nonclinical
ABID0281,,VDW (first generation),"Nanobody (camelid, shark Ab)","scaffold-1 (PDB 6HEQ), QVQLQESGGGLVQPGGSLRLSCAASGRTFSSYNMGWFRQAPGKGREFVASITSSGDKSDYTD SVKGRFTISRDNAKNTMYLQMNNLKPEDTATYYCARGSVWIWYEPVDWSEGTQVTVSS",10.1073/pnas.2300258120,37801475,No,Basic,ABID0281,VDW (first generation),,,new_antibody_family,no_match,vdwfirstgenerationnanobodycamelidsharkabbasic
ABID0282,,W3 (first generation),"Nanobody (camelid, shark Ab)","scaffold-1 (PDB 6HEQ), QVQLQESGGGLVQPGGSLRLSCAASGRTFSSYNMGWFRQAPGKGREFVASITSSGDKSDYTD SVKGRFTISRDNAKNTMYLQMNNLKPEDTATYYCARGGGDVWIINKKLKGGGTQVTVSS",10.1073/pnas.2300258120,37801475,No,Basic,ABID0282,W3 (first generation),,,new_antibody_family,no_match,w3firstgenerationnanobodycamelidsharkabbasic
ABID0283,,WIW (first generation),"Nanobody (camelid, shark Ab)","scaffold-1 (PDB 6HEQ), X-ray crystal structure, QVQLQESGGGLVQPGGSLRLSCAASGRTFSSYNMGWFRQAPGKGREFVASITSSGDKSDYTD SVKGRFTISRDNAKNTMYLQMNNLKPEDTATYYCARGGGSVWIWYEGGGTQVTVSS",10.1073/pnas.2300258120,37801475,No,Basic,ABID0283,WIW (first generation),,,new_antibody_family,no_match,wiwfirstgenerationnanobodycamelidsharkabbasic
ABID0284,,SV (second generation),"Nanobody (camelid, shark Ab)","scaffold-2 (pI 9.8), QVQLQVSGGGLVQPGGSLRLSCAASGFTVSNSRMYWVRQAPGKGLEWVSSIRPSGEVIYATD SVKGRFIISRDNAKNTLHLQMNSLKPEDTARYYCARGGGSVQIVYKGGGTQVTVSS",10.1073/pnas.2300258120,37801475,No,Basic,ABID0284,SV (second generation),,,new_antibody_family,no_match,svsecondgenerationnanobodycamelidsharkabbasic
ABID0285,,M4 (second generation),"Nanobody (camelid, shark Ab)","scaffold-2 (pI9.8), QVQLQESGGGLVQPGGSLRLSCAASGFTVSNSRMYWVRQAPGKGLEWVSSIRPSGEVIYATDSVKGRFIISRDNAKNTLHLQMNSLKPEDTARYYCARGGGDVQMINKKLKGGGTQVTVSS",10.1073/pnas.2300258120,37801475,No,Basic,ABID0285,M4 (second generation),,,new_antibody_family,no_match,m4secondgenerationnanobodycamelidsharkabbasic
ABID0286,,R9 (second generation),"Nanobody (camelid, shark Ab)","scaffold-2 (pI9.8), QVQLQESGGGLVQPGGSLRLSCAASGFTVSNSRMYWVRQAPGKGLEWVSSIRPSGEVIYATDSVKGRFIISRDNAKNTLHLQMNSLKPEDTARYYCARGGGDVQIINKKRKGGGTQVTVSS",10.1073/pnas.2300258120,37801475,No,Basic,ABID0286,R9 (second generation),,,new_antibody_family,no_match,r9secondgenerationnanobodycamelidsharkabbasic
ABID0287,,QIINK (second generation),"Nanobody (camelid, shark Ab)","scaffold-2 (pI 9.8), QVQLQESGGGLVQPGGSLRLSCAASGFTVSNSRMYWVRQAPGKGLEWVSSIRPSGEVIYATDSVKGRFIISRDNAKNTLHLQMNSLKPEDTARYYCARGGGKVQIINKKLDGGGTQVTVSS",10.1073/pnas.2300258120,37801475,No,Basic,ABID0287,QIINK (second generation),,,new_antibody_family,no_match,qiinksecondgenerationnanobodycamelidsharkabbasic
ABID0288,,Nb484,"Nanobody (camelid, shark Ab)","Same scaffold-2 (pI 9,8) targeting Tau. PDB: 4N9O",10.1073/pnas.2300258120,37801475,No,Basic,ABID0288,Nb484,,,new_antibody_family,no_match,nb484nanobodycamelidsharkabbasic
ABID0288,,Nb484,"Nanobody (camelid, shark Ab)",PDB IDs: 4KML and 4N9O,10.1021/ja407527p,24400836,No,Basic,ABID0288,Nb484,,,new_antibody_family,no_match,nb484nanobodycamelidsharkabbasic
ABID0289,,43D,"Nanobody (camelid, shark Ab)",,10.1073/pnas.2300258120,37801475,No,Basic,ABID0289,43D,,,new_antibody_family,no_match,43dnanobodycamelidsharkabbasic
ABID0290,,ALZ-201,mIgG3,,10.1186/s13195-022-01141-1,36578089,No,Basic,ABID0290,ALZ-201,,,new_antibody_family,no_match,alz201migg3basic
ABID0291,,DMR7,mIgG1 ,,10.1186/s13024-020-00404-5,33148293,No,Basic,ABID0291,DMR7,,,new_antibody_family,no_match,dmr7migg1basic
ABID0292,,SKT82,mIgG2b,,10.1186/s13024-020-00404-5,33148293,No,Basic,ABID0292,SKT82,,,new_antibody_family,no_match,skt82migg2bbasic
ABID0293,,Tau5 ,,,10.1186/s13024-020-00404-5,33148293,No,Basic,ABID0293,Tau5 ,,,new_antibody_family,no_match,tau5basic
ABID0294,,1H7,mIgG1,,10.1523/JNEUROSCI.5314-13.2014,25009275,No,Basic,ABID0294,1H7,,,new_antibody_family,no_match,1h7migg1basic
ABID0295,,5C1,mIgG1,Analogue to 9E4.,10.1523/JNEUROSCI.5314-13.2014,25009275,No,Basic,ABID0295,5C1,,,new_antibody_family,no_match,5c1migg1basic
ABID0296,,5D12,mIgG1,,10.1523/JNEUROSCI.5314-13.2014,25009275,No,Basic,ABID0296,5D12,,,new_antibody_family,no_match,5d12migg1basic
ABID0297,,mAbSL 113,rabbit IgG,,10.1111/jnc.15817,37002186,No,Basic,ABID0297,mAbSL 113,,,new_antibody_family,no_match,mabsl113rabbitiggbasic
ABID0298,,mAb 513 ,rabbit IgG,,10.1111/jnc.15817,37002186,No,Basic,ABID0298,mAb 513 ,,,new_antibody_family,no_match,mab513rabbitiggbasic
ABID0299,,SynTC1,mIgG2a Lambda isotype,,10.1007/s12035-023-03211-3,36707462,No,Basic,ABID0299,SynTC1,,,new_antibody_family,no_match,syntc1migg2alambdaisotypebasic
ABID0300,,SynTC2,mIgG1 Kappa isotype,,10.1007/s12035-023-03211-3,36707462,No,Basic,ABID0300,SynTC2,,,new_antibody_family,no_match,syntc2migg1kappaisotypebasic
ABID0301,,SynTC3,mIgG1 Kappa isotype,,10.1007/s12035-023-03211-3,36707462,No,Basic,ABID0301,SynTC3,,,new_antibody_family,no_match,syntc3migg1kappaisotypebasic
ABID0302,,07G10,mIgG,,10.1002/advs.202202342,36257905,No,Basic,ABID0302,07G10,,,new_antibody_family,no_match,07g10miggbasic
ABID0303,,10H04,mIgG,,10.1002/advs.202202342,36257905,No,Basic,ABID0303,10H04,,,new_antibody_family,no_match,10h04miggbasic
ABID0304,,01H12,mIgG,,10.1002/advs.202202342,36257905,No,Basic,ABID0304,01H12,,,new_antibody_family,no_match,01h12miggbasic
ABID0305,,02A09,mIgG,,10.1002/advs.202202342,36257905,No,Basic,ABID0305,02A09,,,new_antibody_family,no_match,02a09miggbasic
ABID0306,,02D09,mIgG,,10.1002/advs.202202342,36257905,No,Basic,ABID0306,02D09,,,new_antibody_family,no_match,02d09miggbasic
ABID0307,,02G11,mIgG,,10.1002/advs.202202342,36257905,No,Basic,ABID0307,02G11,,,new_antibody_family,no_match,02g11miggbasic
ABID0308,,08A11,mIgG,,10.1002/advs.202202342,36257905,No,Basic,ABID0308,08A11,,,new_antibody_family,no_match,08a11miggbasic
ABID0309,,02C05,mIgG,,10.1002/advs.202202342,36257905,No,Basic,ABID0309,02C05,,,new_antibody_family,no_match,02c05miggbasic
ABID0310,,03B05,mIgG,,10.1002/advs.202202342,36257905,No,Basic,ABID0310,03B05,,,new_antibody_family,no_match,03b05miggbasic
ABID0311,,09F08,mIgG,,10.1002/advs.202202342,36257905,No,Basic,ABID0311,09F08,,,new_antibody_family,no_match,09f08miggbasic
ABID0312,,09G05,mIgG,,10.1002/advs.202202342,36257905,No,Basic,ABID0312,09G05,,,new_antibody_family,no_match,09g05miggbasic
ABID0313,,11H08,mIgG,,10.1002/advs.202202342,36257905,No,Basic,ABID0313,11H08,,,new_antibody_family,no_match,11h08miggbasic
ABID0314,,12B06,mIgG,,10.1002/advs.202202342,36257905,No,Basic,ABID0314,12B06,,,new_antibody_family,no_match,12b06miggbasic
ABID0315,,15G06,mIgG,,10.1002/advs.202202342,36257905,No,Basic,ABID0315,15G06,,,new_antibody_family,no_match,15g06miggbasic
ABID0316,,13H02,mIgG,,10.1002/advs.202202342,36257905,No,Basic,ABID0316,13H02,,,new_antibody_family,no_match,13h02miggbasic
ABID0317,,TAP01_04,IgG1,"Parental mice structure PDB ID: 7OW1, 7OXN.",10.1038/s41380-021-01385-7,34776512,No,Basic,ABID0317,TAP01_04,,,new_antibody_family,no_match,tap0104igg1basic
ABID0318,,B06,IgG1,,10.1016/j.neuroscience.2021.03.006,33958140,No,Basic,ABID0318,B06,,,new_antibody_family,no_match,b06igg1basic
ABID0319,,B07 IgG,IgG1,,10.1016/j.neuroscience.2021.03.006,33958140,No,Basic,ABID0319,B07 IgG,,,new_antibody_family,no_match,b07iggigg1basic
ABID0320,,C06,IgG1,,10.1016/j.neuroscience.2021.03.006,33958140,No,Basic,ABID0320,C06,,,new_antibody_family,no_match,c06igg1basic
ABID0321,,B07 scFv--Fc,scFv-Fc,,10.1016/j.neuroscience.2021.03.006,33958140,No,Basic,ABID0321,B07 scFv--Fc,,,new_antibody_family,no_match,b07scfvfcscfvfcbasic
ABID0322,,scFv9,scFv,"Parent antibody Ab9, Recognizes : Aβ1-DAEFRHDSGYEVHHQK-14",10.1016/j.omtm.2023.101146,38027063,No,Basic,ABID0322,scFv9,,,new_antibody_family,no_match,scfv9scfvbasic
ABID0323,,scFv9-CD,Fusion scFv,"scFv9 fused to 126-amino acid collagen domain (CD). Parent antibody of scFv9: Ab9, Recognizes : Aβ1-DAEFRHDSGYEVHHQK-14",10.1016/j.omtm.2023.101146,38027063,No,Basic,ABID0323,scFv9-CD,,,new_antibody_family,no_match,scfv9cdfusionscfvbasic
ABID0324,,scFvB11-CD,Fusion scFv,scFvB11 fused to 126-amino acid collagen domain (CD). Parent antibody of scFvB11: adacanumab.,10.1016/j.omtm.2023.101146,38027063,No,Basic,ABID0324,scFvB11-CD,,,new_antibody_family,no_match,scfvb11cdfusionscfvbasic
ABID0325,,scFv12-CD,Fusion scFv,"scFv12 fused to 126-amino acid collagen domain (CD). Parent antibody of scFv12: 2B12, Recognizes : APP666-ISEVKMDAEFRH-677 (β-secretase cleavage site)",10.1016/j.omtm.2023.101146,38027063,No,Basic,ABID0325,scFv12-CD,,,new_antibody_family,no_match,scfv12cdfusionscfvbasic
ABID0326,,anti-wheat auxin,mIgG2a,,10.1038/s41593-020-00737-w,33199898,No,Basic,ABID0326,anti-wheat auxin,,,new_antibody_family,no_match,antiwheatauxinmigg2abasic
ABID0327,,P1.17,mIgG2a,,10.1523/JNEUROSCI.2080-16.2016,27810931,No,Basic,ABID0327,P1.17,,,new_antibody_family,no_match,p117migg2abasic
ABID0327,,P1.17,mIgG2a,,10.1038/s41593-020-00737-w,33199898,No,Basic,ABID0327,P1.17,,,new_antibody_family,no_match,p117migg2abasic
ABID0328,,Beta1,mIgG2a,,10.1038/s41593-020-00737-w,33199898,No,Basic,ABID0328,Beta1,,,new_antibody_family,no_match,beta1migg2abasic
ABID0329,,K11,mIgG2a,,10.1186/s13195-020-00719-x,33189132,No,Basic,ABID0329,K11,,,new_antibody_family,no_match,k11migg2abasic
ABID0330,,cAb2789 ,Fab,,10.1111/jcmm.15511,32610368,No,Basic,ABID0330,cAb2789 ,,,new_antibody_family,no_match,cab2789fabbasic
ABID0331,,M204-scFv,"Rabbit scFv. PDB IDs: 6PIL, 6PK8 and 6PSC.",,10.1074/jbc.RA120.013638,32493775,No.,Basic. M204 was purified from the A11 polyclonal serum.,ABID0331,M204-scFv,,,new_antibody_family,no_match,m204scfvrabbitscfvpdbids6pil6pk8and6pscbasicm204waspurifiedfromthea11polyclonalserum
ABID0332,,M204,Rabbit IgG,,10.1074/jbc.RA120.013638,32493775,No.,Basic. M204 was purified from the A11 polyclonal serum.,ABID0332,M204,,,new_antibody_family,no_match,m204rabbitiggbasicm204waspurifiedfromthea11polyclonalserum
ABID0333,,AAV-scFc-IgG,scFv-IgG,"Full IgG identifier 13C3 (doi.: 10.1073/pnas.0805902105, and patents WO2009/065054 and WO2010/130946).",10.1371/journal.pone.0226245,31887144,No,Basic.,ABID0333,AAV-scFc-IgG,,,new_antibody_family,no_match,aavscfciggscfviggbasic
ABID0334,,muPMN310,mIgG1,,10.1038/s41598-019-46306-5,31285517,No.,Basic.,ABID0334,muPMN310,,,new_antibody_family,no_match,mupmn310migg1basic
ABID0335,,HT6,scFv,GenBank database accession number MG385839,10.1016/j.intimp.2018.12.014,30553911,No.,Basic.,ABID0335,HT6,,,new_antibody_family,no_match,ht6scfvbasic
ABID0336,,TBTI3,Tetravalent bispecific tandem immunoglobulin Gs (IgGs) (TBTIs) containing two paratopes for Transferrin receptor (TfR) and protofibrillar forms of amyloid-beta (Aβ). Aglycosilated version tested.,,10.1016/j.omtm.2020.08.014,33005703,No.,Basic.,ABID0336,TBTI3,,,new_antibody_family,no_match,tbti3tetravalentbispecifictandemimmunoglobulingsiggstbtiscontainingtwoparatopesfortransferrinreceptortfrandprotofibrillarformsofamyloidbetaaaglycosilatedversiontestedbasic
ABID0337,,TBTI6,Tetravalent bispecific tandem immunoglobulin Gs (IgGs) (TBTIs) containing two paratopes for Transferrin receptor (TfR) and protofibrillar forms of amyloid-beta (Aβ). Aglycosilated version tested.,,10.1016/j.omtm.2020.08.014,33005703,No.,Basic.,ABID0337,TBTI6,,,new_antibody_family,no_match,tbti6tetravalentbispecifictandemimmunoglobulingsiggstbtiscontainingtwoparatopesfortransferrinreceptortfrandprotofibrillarformsofamyloidbetaaaglycosilatedversiontestedbasic
ABID0338,,scFv17,scFv,,10.1007/s12031-018-1139-6,30062438,No.,Basic,ABID0338,scFv17,,,new_antibody_family,no_match,scfv17scfvbasic
ABID0339,,anti-AβOcSNK,mIgG1 ,,10.1021/acschemneuro.7b00469,29614860,No,Basic,ABID0339,anti-AβOcSNK,,,new_antibody_family,no_match,antiaocsnkmigg1basic
ABID0340,,9D5,mIgG2b; official name of cell line PG3–38 9D5H6.,,10.1074/jbc.M110.178707,20971852,No,Basic,ABID0340,9D5,,,new_antibody_family,no_match,9d5migg2bofficialnameofcelllinepg3389d5h6basic
ABID0341,,03-9H9,,,10.1038/s41531-024-00747-6,39075088,No,Basic,ABID0341,03-9H9,,,new_antibody_family,no_match,039h9basic
ABID0342,,06-10H11-B2,,,10.1038/s41531-024-00747-6,39075088,No,Basic,ABID0342,06-10H11-B2,,,new_antibody_family,no_match,0610h11b2basic
ABID0343,,06-3A10-A1,,,10.1038/s41531-024-00747-6,39075088,No,Basic,ABID0343,06-3A10-A1,,,new_antibody_family,no_match,063a10a1basic
ABID0344,,10-4A2-A2,,,10.1038/s41531-024-00747-6,39075088,No,Basic,ABID0344,10-4A2-A2,,,new_antibody_family,no_match,104a2a2basic
ABID0345,,10-9C8-C1,,,10.1038/s41531-024-00747-6,39075088,No,Basic,ABID0345,10-9C8-C1,,,new_antibody_family,no_match,109c8c1basic
ABID0346,,13-1B2-B1,,,10.1038/s41531-024-00747-6,39075088,No,Basic,ABID0346,13-1B2-B1,,,new_antibody_family,no_match,131b2b1basic
ABID0347,,13-3H6-D2,,,10.1038/s41531-024-00747-6,39075088,No,Basic,ABID0347,13-3H6-D2,,,new_antibody_family,no_match,133h6d2basic
ABID0348,,13-1F10-A2,,,10.1038/s41531-024-00747-6,39075088,No,Basic,ABID0348,13-1F10-A2,,,new_antibody_family,no_match,131f10a2basic
ABID0349,,14-1A6-F3,,,10.1038/s41531-024-00747-6,39075088,No,Basic,ABID0349,14-1A6-F3,,,new_antibody_family,no_match,141a6f3basic
ABID0350,,14-1E2-E1,,,10.1038/s41531-024-00747-6,39075088,No,Basic,ABID0350,14-1E2-E1,,,new_antibody_family,no_match,141e2e1basic
ABID0351,,14-2B8-G1,,,10.1038/s41531-024-00747-6,39075088,No,Basic,ABID0351,14-2B8-G1,,,new_antibody_family,no_match,142b8g1basic
ABID0352,,14-9E7-A1,,,10.1038/s41531-024-00747-6,39075088,No,Basic,ABID0352,14-9E7-A1,,,new_antibody_family,no_match,149e7a1basic
ABID0353,,16-3B1,,,10.1038/s41531-024-00747-6,39075088,No,Basic,ABID0353,16-3B1,,,new_antibody_family,no_match,163b1basic
ABID0354,,16-7B2,,,10.1038/s41531-024-00747-6,39075088,No,Basic,ABID0354,16-7B2,,,new_antibody_family,no_match,167b2basic
ABID0355,,16-9E5,,,10.1038/s41531-024-00747-6,39075088,No,Basic,ABID0355,16-9E5,,,new_antibody_family,no_match,169e5basic
ABID0356,,17-5A8-H1,,,10.1038/s41531-024-00747-6,39075088,No,Basic,ABID0356,17-5A8-H1,,,new_antibody_family,no_match,175a8h1basic
ABID0357,,17-9D12-A1,,,10.1038/s41531-024-00747-6,39075088,No,Basic,ABID0357,17-9D12-A1,,,new_antibody_family,no_match,179d12a1basic
ABID0358,,I2,scFv,"Heavy Chain: EVQLLESGGGLVQPGGSLRLSCAASGFTFSSYAMSWVRQAPGKGLEWVSXIYNYGYTTNYADSVKGRFTISRDNSKNTLYLQMNSLRAEDTAVYYCAKTAYGFDYWGQGTLVTVSS,  Light Chain: DIQMTQSPSSLSASVGDRVTITCRASQSISSYLNWYQQKPGKAPKLLIYNASTLQSGVPSRFSGSGSGTDFTLTISSLQPEDFATYYCQQNNSSPTTFGQGTKVEIKRAA",10.1073/pnas.1700407114,28584111,No,Basic,ABID0358,I2,,,new_antibody_family,no_match,i2scfvbasic
ABID0359,,I48,scFv,"Heavy Chain: EVQLLESGGGLVQPGGSLRLSCAASGFTFSSYAMSWVRQAPGKGLEWVSGINTTGSNTSYADSVKGRFTISRDNSNTLYLQMNSLRAEDTAVYYCAKSDSDFDYWGQGTLVTVSS, Light Chain: DIQMTQSPSSLSASVGDRVTITCRASQSISSYLNWYQQKPGKAPKLLIYDASSLQSGVPSRFSGSGSGTDFTLTISSLQPEDFATYYCQQSNATPATFGQGTKVEIKRAA",10.1073/pnas.1700407114,28584111,No,Basic,ABID0359,I48,,,new_antibody_family,no_match,i48scfvbasic
ABID0360,,J44,scFv,"Heavy Chain: EVQLLESGGGLVQPGGSLRLSCAASGFTFSSYAMSWVRQAPGKGLEWVS (paper provides residues only up to Fr2), Light Chain: DIQMTQSPSSLSASVGDRVTITCRASQSISSYLNWYQQKPGKAPKLLIYRASRLQSGVPSRFSGSGSGTDFTLTISSLQPEDFATYYCQQQNRT PRTFGQGTKVEIKRAA",10.1073/pnas.1700407114,28584111,No,Basic,ABID0360,J44,,,new_antibody_family,no_match,j44scfvbasic
ABID0361,,J57,scFv,"Heavy Chain: EVQLLESGGGLVQPGGSLRLSCAASGFTFSSYAMSWVRQAPGKGLEWVSAINKGGYKTYYADSVKGRFTISRDNSKNTLYLQMNSLRAEDTAVYYCAKTPKPFDYWGQGTLVTVSS,Light Chain: DIQMTQSPSSLSASVGDRVTITCRASQSISSYLNWYQQKPGKAPKLLIYGASVLQSGVPSRFSGSGSGTDFTLTISSLQPEDFATYYCQQANTKPATFGQGTKVEIKRAA",10.1073/pnas.1700407114,28584111,No,Basic,ABID0361,J57,,,new_antibody_family,no_match,j57scfvbasic
ABID0362,,I68,scFv,"Heavy Chain: EVQLLESGGGLVQPGGSLRLSCAASGFTFSSYAMSWVRQAPGKGLEWVSGIDYTGSTAYAYADSVKGRFTISRDNSKNTLYLQMNSLRAEDTAVYYCAKSDNDFDYWGQGTLVTVSS, Light Chain: DIQMTQSPSSLSASVGDRVTITCRASQSISSYLNWYQQKPGKAPKLLIYTASALQSGVPSRFSGSGSGTDFTLTISSLQPEDFATYYCQQYNNGPATFGQGTKVEIKRAA",10.1073/pnas.1700407114,28584111,No,Basic,ABID0362,I68,,,new_antibody_family,no_match,i68scfvbasic
ABID0363,,J7,scFv,"Heavy Chain: EVQLLESGGGLVQPGGSLRLSCAASGFTFSSYAMSWVRQAPGKGLEWVSTIKSKGNH TVYADSVKGRFTISRDNSKNTLYLQMNSLRAEDTAVYYCAKRNRPFDYWGQGTLVTVSS, Light Chain: DIQMTQSPSSLSASVGDRVTITCRASQSISSYLNWYQQKPGKAPKLLIYSASELQSGVPSRFSGSGSGTDFTLTISSLQPEDFATYYCQQQKYPPTFGQGTKVEIKRAA",10.1073/pnas.1700407114,28584111,No,Basic,ABID0363,J7,,,new_antibody_family,no_match,j7scfvbasic
ABID0364,,J46,scFv,"Heavy Chain: EVQLLESGGGLVQPGGSLRLSCAASGFTFSSYAMSWVRQAPGKGLEWVSTISNXGVQTXYADSVKGRFTISRDNSKNTLYLQMNSLRAEDTAVYYCAKRLHRFDYWGQGTLVTVSS, Light Chain: DIQMTQSPSSLSASVGDRVTITCRASQSISSYLNWYQQKPGKAPKLLIYRASSLQSGVPSRFSGSGSGTDFTLTISSLQPEDFATYYCQQRGHP SPTFGQGTKVEIKRAA",10.1073/pnas.1700407114,28584111,No,Basic,ABID0364,J46,,,new_antibody_family,no_match,j46scfvbasic
ABID0365,,A1,mIgG1,,10.1016/j.bpc.2016.11.002,27863716,No,Basic,ABID0365,A1,,,new_antibody_family,no_match,a1migg1basic
ABID0366,,A2,mIgG1,,10.1016/j.bpc.2016.11.002,27863716,No,Basic,ABID0366,A2,,,new_antibody_family,no_match,a2migg1basic
ABID0367,,A3,mIgG1,,10.1016/j.bpc.2016.11.002,27863716,No,Basic,ABID0367,A3,,,new_antibody_family,no_match,a3migg1basic
ABID0368,,A4,mIgG1,,10.1016/j.bpc.2016.11.002,27863716,No,Basic,ABID0368,A4,,,new_antibody_family,no_match,a4migg1basic
ABID0369,,A5,mIgG1,,10.1016/j.bpc.2016.11.002,27863716,No,Basic,ABID0369,A5,,,new_antibody_family,no_match,a5migg1basic
ABID0370,,A6,mIgG1,,10.1016/j.bpc.2016.11.002,27863716,No,Basic,ABID0370,A6,,,new_antibody_family,no_match,a6migg1basic
ABID0371,,W20,scFv,, 10.1038/srep36631,27824125,No,Basic,ABID0371,W20,,,new_antibody_family,no_match,w20scfvbasic
ABID0372,,T24,mIgG,, 10.1074/jbc.M116.738138,27758856,No,Basic,ABID0372,T24,,,new_antibody_family,no_match,t24miggbasic
ABID0373,,RT24,IgG1,"More information on US Patent 10,604,562", 10.1074/jbc.M116.738138,27758856,No,Basic,ABID0373,RT24,,,new_antibody_family,no_match,rt24igg1basic
ABID0374,,15B3,mIgM targetting PrPSc,,10.3233/JAD-150882,27392850,No,Basic,ABID0374,15B3,,,new_antibody_family,no_match,15b3migmtargettingprpscbasic
ABID0375,,DM4,,,10.3389/fnagi.2016.00055,27047372,No,Basic,ABID0375,DM4,,,new_antibody_family,no_match,dm4basic
ABID0376,,9D5,mIgG1/κ,,10.3109/13506129.2016.1148025,26981744,No,Basic,ABID0376,9D5,,,new_antibody_family,no_match,9d5migg1basic
ABID0377,,14G8 ,mIgG1/κ,,10.3109/13506129.2016.1148025,26981744,No,Basic,ABID0377,14G8 ,,,new_antibody_family,no_match,14g8migg1basic
ABID0378,,6C1,mIgG2a/κ,,10.3109/13506129.2016.1148025,26981744,No,Basic,ABID0378,6C1,,,new_antibody_family,no_match,6c1migg2abasic
ABID0379,,5A1,mIgG2b/κ,,10.3109/13506129.2016.1148025,26981744,No,Basic,ABID0379,5A1,,,new_antibody_family,no_match,5a1migg2bbasic
ABID0380,,EG27/1,mIgG1/κ,,10.3109/13506129.2016.1148025,26981744,No,Basic,ABID0380,EG27/1,,,new_antibody_family,no_match,eg271migg1basic
ABID0381,,07/1 mAb,mIgG1,,10.1016/j.neurobiolaging.2015.08.021,26453001,No,Basic,ABID0381,07/1 mAb,,,new_antibody_family,no_match,071mabmigg1basic
ABID0382,,3A1,mIgG1,,10.1016/j.neurobiolaging.2015.08.021,26453001,No,Basic,ABID0382,3A1,,,new_antibody_family,no_match,3a1migg1basic
ABID0383,,3F5,mIgG2b,,10.1371/journal.pone.0180076,28662102,No,Basic,ABID0383,3F5,,,new_antibody_family,no_match,3f5migg2bbasic
ABID0384,,chα-miSOD1,mIgG2a/lambda,,10.1126/scitranslmed.aah3924,30518612,No,Basic,ABID0384,chα-miSOD1,,,new_antibody_family,no_match,chmisod1migg2alambdabasic
ABID0385,,DC8E8,mIgG1,PDB 4OZ4,10.1186/alzrt277,25478018,No,Continued to humanised version AX004.,ABID0385,DC8E8,,,new_antibody_family,no_match,dc8e8migg1continuedtohumanisedversionax004
ABID0386,,DC11,mIgG1,,10.1186/alzrt277,25478018,No,Non-clinical,ABID0386,DC11,,,new_antibody_family,no_match,dc11migg1nonclinical
ABID0387,,DC25,mIgG1,,10.1186/alzrt277,25478018,No,Non-clinical,ABID0387,DC25,,,new_antibody_family,no_match,dc25migg1nonclinical
ABID0388,,DC4R,mIgG1,,10.1186/alzrt277,25478018,No,Basic,ABID0388,DC4R,,,new_antibody_family,no_match,dc4rmigg1basic
ABID0389,,dGAE56,mIgG1,,10.1186/alzrt277,25478018,No,Basic,ABID0389,dGAE56,,,new_antibody_family,no_match,dgae56migg1basic
ABID0390,,DC144,mIgG1,,10.1186/alzrt277,25478018,No,Basic,ABID0390,DC144,,,new_antibody_family,no_match,dc144migg1basic
ABID0391,,MN423,mIgG1,,10.1186/alzrt277,25478018,No,Non-clinical,ABID0391,MN423,,,new_antibody_family,no_match,mn423migg1nonclinical
ABID0392,,DC51,mIgG1,,10.1186/alzrt277,25478018,No,Basic,ABID0392,DC51,,,new_antibody_family,no_match,dc51migg1basic
ABID0393,,scFv9,scFv,>scFv_v9\nQVTLKESGPGLILPSQTLSLTCSFSGFSLNTFGMGVSWIRQPSGKGLEWLAHIFWDDDKHYNPSLKSRLTISKDTSNNQVFLKITTVDTADTATYYCVRYGFDGFPYWGQGTVGGGGSGGGGSGGGGSDVMTQTPLSLPVSLGDQASISCSNQSLVHSNGNTYHLYWYLQKPGQSPKLLIYKVSNRFSGVPDRFSGSGSGTDFTLKISRVEAEDLGVYYCSQRSTVPWTFGGGTKLEIKR,10.1523/JNEUROSCI.2795-06.2006,17108166,No,Basic. Derived from mAb9 ,ABID0393,scFv9,,,new_antibody_family,no_match,scfv9scfvbasicderivedfrommab9
ABID0394,,scFv40.1,scFv,>scFv_40.1\nEVQLQQSGADLVKPGASVKLSCKASGYTFTNYAIHWVKQRPEQGLEWIGRIDPANGDTKDPKFQGKATLTVDTSSNTAYLQLSSLTSEDTAVYYCSTLYYRFAYWGQGTLVTVSAAGGGGSGGGGSGGGGSDVVMTQTPLSLPVSLGDQASISCSSRQSLLYSDGKTYLNWLLQRPGQSPKRLIYLVSKLDSGVPDRFTGSGSGTDFTLKISRVEAEDLGIYYCWQGTHFPWTFGGGTKLEIKR,10.1523/JNEUROSCI.2795-06.2006,17108166,No,Basic. Derived from mAb40.1,ABID0394,scFv40.1,,,new_antibody_family,no_match,scfv401scfvbasicderivedfrommab401
ABID0395,,scFv42.2,scFv,>scFv_42.2\nEVQLQQSGPELVKPGASVKISCKTSGYTFSENTMHWVKQSHGKSLEWIGGINYNGATNYNQKFKGKATLTDKSSSTAYLELSRLTSEDSAVYYCARGGLLTLGAMDYWGQGTSVTVSSAGGGGSGGGGSGGGGSDVVMTQTPLTLSVTIGQPASISCSSRQSLVHSNGNTYLYWLLQKPGQSPKLLIYKVSNRFSGVPDRFSGSGSGTDFTLKISRVEAEDLGVYFCSQSTHVPFTFGSGTKLELKR,10.1523/JNEUROSCI.2795-06.2006,17108166,No,Basic. Derived from mAb42.2,ABID0395,scFv42.2,,,new_antibody_family,no_match,scfv422scfvbasicderivedfrommab422
ABID0396,,scFv ns,scFv,>scFv_ns\nLVQPGGSLRLSCAASGFTFSSYAMSWVRQAPGKGLEWVSTISRNGYYTRYADSVKGRFTISRDNSKNTLYLQMNSLRAEDTAVYYCAKKRFRFDYWGQGTLVTVSSGGGGSGGGGSGGGGSDIQMTQSPSSLSASVGDRVTITCASQSISSYLNWYQQKPGKAPKLLIYMASNLESGVPSRFSGSGSGTDFTLTISSLQPEDFATYYCQQANSFPSTFGQGTKVEIKR,10.1523/JNEUROSCI.2795-06.2006,17108166,No,Basic,ABID0396,scFv ns,,,new_antibody_family,no_match,scfvnsscfvbasic
ABID0397,,AbαE,mIgG,,10.1016/j.jmb.2003.11.019,14698294,No,Basic,ABID0397,AbαE,,,new_antibody_family,no_match,abemiggbasic
ABID0398,,16B12,mIgG1/κ,,10.1016/j.jbc.2026.111221,41643771,No,Basic,ABID0398,16B12,,,new_antibody_family,no_match,16b12migg1basic
ABID0399,,9H6F2,mIgG1/κ,,10.1016/j.jbc.2026.111221,41643771,No,Basic,ABID0399,9H6F2,,,new_antibody_family,no_match,9h6f2migg1basic
ABID0400,,11E12E10,mIgG1/κ,,10.1016/j.jbc.2026.111221,41643771,No,Basic,ABID0400,11E12E10,,,new_antibody_family,no_match,11e12e10migg1basic
ABID0401,,Villin1E1,mIgG1/κ,,10.1016/j.jbc.2026.111221,41643771,No,Basic,ABID0401,Villin1E1,,,new_antibody_family,no_match,villin1e1migg1basic
ABID0402,,ADx215 ,mIgG1/κ,,10.1016/j.jbc.2026.111221,41643771,No,Non-clinical,ABID0402,ADx215 ,,,new_antibody_family,no_match,adx215migg1nonclinical
ABID0403,,18F12,mIgG2b/κ,,10.1016/j.jbc.2026.111221,41643771,No,Basic,ABID0403,18F12,,,new_antibody_family,no_match,18f12migg2bbasic
ABID0404,,15A10,mIgG1/κ,,10.1016/j.jbc.2026.111221,41643771,No,Basic,ABID0404,15A10,,,new_antibody_family,no_match,15a10migg1basic
ABID0405,,ADx201,mIgG1/κ,,10.1016/j.jbc.2026.111221,41643771,No,Non-clinical,ABID0405,ADx201,,,new_antibody_family,no_match,adx201migg1nonclinical
ABID0406,,ADx202,mIgG1/κ,,10.1016/j.jbc.2026.111221,41643771,No,Non-clinical,ABID0406,ADx202,,,new_antibody_family,no_match,adx202migg1nonclinical
ABID0407,,20G10,mIgG2a/κ,,10.1016/j.jbc.2026.111221,41643771,No,Basic,ABID0407,20G10,,,new_antibody_family,no_match,20g10migg2abasic
ABID0408,,Villin9H11,mIgG2b/κ,,10.1016/j.jbc.2026.111221,41643771,No,Basic,ABID0408,Villin9H11,,,new_antibody_family,no_match,villin9h11migg2bbasic
ABID0409,,COV4F11 ,mIgG2a/κ,,10.1016/j.jbc.2026.111221,41643771,No,Basic,ABID0409,COV4F11 ,,,new_antibody_family,no_match,cov4f11migg2abasic
ABID0410,, scFv59 ,scFv,,10.1016/j.nbd.2006.04.012,16766200,No,Basic,ABID0410, scFv59 ,,,new_antibody_family,no_match,scfv59scfvbasic
ABID0411,Prasenizumab,Prasenizumab,IgG1,,10.1016/j.biopha.2025.118262,40554286,Yes,,ABID0411,Prasenizumab,,,new_antibody_family,no_match,prasenizumabigg1
ABID0412,,E4,scFv,,10.1016/j.neurobiolaging.2010.09.020,21067847,No,Basic,ABID0412,E4,,,new_antibody_family,no_match,e4scfvbasic
